match_url,home_team_name,away_team_name,home_team_score,away_team_score,home_team_xg,away_team_xg,xg_is_estimated,home_team_possession,away_team_possession,home_passing_onTarget,home_total_passing,away_passing_onTarget,away_total_passing,home_shots_onTarget,home_total_shots,away_shots_onTarget,away_total_shots,home_saves_onTarget,home_total_saves,away_saves_onTarget,away_total_saves,home_team_cards_number,away_team_cards_number,home_fouls,away_fouls,home_corners,away_corners,home_crosses,away_crosses,home_touches,away_touches,home_tackels,away_tackels,home_interceptions,away_interceptions,home_aerials,away_aerials,home_clearances,away_clearances,home_offsides,away_offsides,home_goal_kicks,away_goal_kicks,home_throw_ins,away_throw_ins,home_long_balls,away_long_balls,away_players_npxG,away_players_xAG,away_players_SCA,away_players_GCA,away_players_proggresive_passes,away_players_carries,away_players_proggresive_carries,away_players_take_ons_attempted,away_players_take_ons_successfull,home_players_npxG,home_players_xAG,home_players_SCA,home_players_GCA,home_players_proggresive_passes,home_players_carries,home_players_proggresive_carries,home_players_take_ons_attempted,home_players_take_ons_successfull
https://fbref.com/en/matches/9c0a49c5/Real-Madrid-Mallorca-August-30-2025-La-Liga,Real Madrid,Mallorca,2,1,1.8,0.7,False,59%,41%,502.0,577.0,315.0,409.0,7,17,3,9,2,3,5,7,2,2,12,7,4,5,14,16,692.0,517.0,13.0,14.0,7,7,13.0,11.0,21.0,25.0,3,1,6.0,14.0,18.0,8.0,49.0,87.0,0.7,0.6,15.0,2.0,26.0,281.0,11.0,9.0,3.0,1.8,1.3,33.0,3.0,63.0,471.0,38.0,16.0,6.0
https://fbref.com/en/matches/fde70dd0/Oviedo-Real-Madrid-August-24-2025-La-Liga,Oviedo,Real Madrid,0,3,0.5,2.7,False,36%,64%,336.0,409.0,665.0,737.0,3,6,10,26,7,10,3,3,2,2,8,7,1,9,9,15,533.0,860.0,20.0,23.0,10,9,7.0,10.0,24.0,13.0,2,2,12.0,4.0,17.0,17.0,61.0,38.0,2.7,2.2,49.0,5.0,63.0,634.0,36.0,42.0,7.0,0.5,0.3,11.0,0.0,25.0,299.0,20.0,21.0,5.0
https://fbref.com/en/matches/e95f11b6/CF-Talavera-de-la-Reina-Real-Madrid-December-17-2025-Copa-del-Rey,CF Talavera de la Reina,Real Madrid,2,3,2.05,3.5,True,35%,65%,,,,,5,16,9,25,6,9,3,5,1,1,11,7,5,11,20,23,,,,,9,7,,,,,2,1,,,,,,,7.0,0.0,,,,,,,,9.0,1.0,,,,,,,
https://fbref.com/en/matches/f852850a/Real-Madrid-Juventus-October-22-2025-Champions-League,Real Madrid,Juventus,1,0,2.7,0.9,False,65%,35%,579.0,651.0,275.0,349.0,9,28,4,13,4,4,8,9,1,1,10,18,13,7,14,16,766.0,468.0,14.0,7.0,14,7,12.0,11.0,24.0,21.0,1,2,4.0,9.0,12.0,13.0,55.0,41.0,0.9,0.7,18.0,0.0,19.0,247.0,12.0,15.0,7.0,2.7,1.6,51.0,1.0,60.0,420.0,27.0,12.0,8.0
https://fbref.com/en/matches/980d729f/Real-Sociedad-Real-Madrid-September-13-2025-La-Liga,Real Sociedad,Real Madrid,1,2,2.2,2.4,False,63%,37%,478.0,582.0,253.0,337.0,3,22,6,16,4,6,3,3,2,2,17,7,12,4,42,8,684.0,470.0,13.0,9.0,6,10,13.0,20.0,13.0,37.0,0,2,8.0,15.0,16.0,11.0,58.0,79.0,2.4,2.2,30.0,3.0,25.0,221.0,10.0,22.0,14.0,1.4,1.3,42.0,1.0,58.0,403.0,28.0,14.0,9.0
https://fbref.com/en/matches/f5294ef5/Alaves-Real-Madrid-December-14-2025-La-Liga,Alavés,Real Madrid,1,2,1.3,1.8,False,53%,47%,452.0,544.0,412.0,488.0,2,6,6,13,4,6,1,2,3,3,12,13,5,7,20,7,651.0,619.0,23.0,24.0,14,6,5.0,8.0,9.0,26.0,2,0,11.0,7.0,28.0,16.0,59.0,62.0,1.8,1.0,21.0,4.0,40.0,322.0,11.0,25.0,12.0,1.3,1.3,10.0,2.0,49.0,376.0,11.0,22.0,10.0
https://fbref.com/en/matches/9c9d1f09/El-Clasico-Real-Madrid-Barcelona-October-26-2025-La-Liga,Real Madrid,Barcelona,2,1,3.6,1.1,False,32%,68%,251.0,317.0,599.0,675.0,9,22,5,15,4,5,7,9,6,6,12,9,12,4,12,8,449.0,808.0,24.0,20.0,6,7,7.0,6.0,16.0,10.0,5,2,6.0,8.0,11.0,20.0,56.0,36.0,1.1,1.0,29.0,2.0,44.0,512.0,22.0,22.0,9.0,2.8,2.6,37.0,4.0,36.0,211.0,15.0,23.0,13.0
https://fbref.com/en/matches/b3ad23d4/Real-Madrid-Manchester-City-December-10-2025-Champions-League,Real Madrid,Manchester City,1,2,1.5,2.6,False,52%,48%,392.0,474.0,377.0,445.0,1,16,7,11,6,7,0,1,3,3,14,17,3,3,21,11,574.0,565.0,19.0,19.0,7,9,7.0,12.0,19.0,23.0,0,1,1.0,9.0,14.0,15.0,56.0,44.0,1.9,0.9,17.0,3.0,32.0,350.0,25.0,22.0,13.0,1.5,1.3,28.0,2.0,31.0,316.0,19.0,17.0,7.0
https://fbref.com/en/matches/33523b09/El-Derbi-Madrileno-Atletico-Madrid-Real-Madrid-September-27-2025-La-Liga,Atlético Madrid,Real Madrid,5,2,2.3,0.7,False,38%,62%,260.0,347.0,493.0,575.0,6,12,2,6,0,2,2,6,5,5,17,14,7,2,23,18,430.0,673.0,14.0,11.0,7,7,9.0,14.0,24.0,24.0,1,1,7.0,8.0,15.0,13.0,59.0,57.0,0.7,0.6,12.0,4.0,36.0,358.0,16.0,22.0,8.0,1.6,1.4,22.0,9.0,22.0,178.0,14.0,12.0,5.0
https://fbref.com/en/matches/d34e407e/Real-Madrid-Osasuna-August-19-2025-La-Liga,Real Madrid,Osasuna,1,0,1.6,0.4,False,70%,30%,691.0,767.0,243.0,326.0,4,17,0,2,0,0,4,4,1,1,10,12,7,0,19,9,883.0,432.0,16.0,20.0,6,7,12.0,14.0,17.0,41.0,0,0,3.0,11.0,20.0,16.0,65.0,66.0,0.4,0.0,4.0,0.0,19.0,189.0,9.0,12.0,4.0,0.9,0.8,34.0,2.0,63.0,579.0,26.0,28.0,10.0
https://fbref.com/en/matches/3ecfed22/Rayo-Vallecano-Real-Madrid-November-9-2025-La-Liga,Rayo Vallecano,Real Madrid,0,0,1.2,0.9,False,46%,54%,336.0,418.0,414.0,498.0,2,13,5,21,5,5,2,2,3,3,17,7,5,8,23,19,550.0,631.0,20.0,10.0,3,10,7.0,13.0,33.0,26.0,1,1,9.0,17.0,23.0,26.0,63.0,59.0,1.0,0.5,38.0,0.0,50.0,289.0,30.0,31.0,18.0,1.2,1.2,24.0,0.0,28.0,217.0,24.0,14.0,9.0
https://fbref.com/en/matches/c520d457/Liverpool-Real-Madrid-November-4-2025-Champions-League,Liverpool,Real Madrid,1,0,2.3,0.5,False,40%,60%,281.0,369.0,477.0,555.0,9,17,2,8,2,2,8,9,1,1,16,11,4,2,12,8,467.0,676.0,13.0,18.0,12,6,10.0,10.0,9.0,29.0,2,0,10.0,4.0,22.0,11.0,52.0,44.0,0.5,0.5,16.0,0.0,41.0,356.0,23.0,20.0,12.0,2.5,1.2,32.0,2.0,24.0,281.0,18.0,25.0,12.0
https://fbref.com/en/matches/261d9c63/Athletic-Club-Real-Madrid-December-3-2025-La-Liga,Athletic Club,Real Madrid,0,3,1.0,2.2,False,39%,61%,323.0,423.0,586.0,672.0,4,9,8,13,5,8,4,4,2,2,15,4,5,7,21,11,550.0,822.0,16.0,24.0,15,8,9.0,15.0,20.0,38.0,1,1,2.0,10.0,21.0,17.0,44.0,73.0,2.2,2.0,21.0,6.0,48.0,435.0,16.0,26.0,13.0,1.0,0.9,13.0,0.0,39.0,326.0,12.0,21.0,7.0
https://fbref.com/en/matches/74a8527b/Levante-Real-Madrid-September-23-2025-La-Liga,Levante,Real Madrid,1,4,1.6,3.9,False,38%,62%,382.0,439.0,654.0,725.0,2,11,9,23,6,9,1,2,1,1,17,9,1,7,7,11,548.0,839.0,19.0,22.0,8,6,8.0,2.0,18.0,8.0,0,1,9.0,3.0,13.0,12.0,60.0,55.0,3.2,2.5,41.0,8.0,64.0,496.0,28.0,26.0,11.0,1.6,0.8,18.0,1.0,33.0,375.0,8.0,9.0,3.0
https://fbref.com/en/matches/4218b93a/Olympiacos-Real-Madrid-November-26-2025-Champions-League,Olympiacos,Real Madrid,3,4,1.7,1.7,False,42%,58%,336.0,433.0,523.0,608.0,8,18,7,15,3,7,5,8,1,1,12,7,3,5,26,8,543.0,731.0,22.0,10.0,9,10,8.0,13.0,13.0,23.0,1,4,4.0,12.0,16.0,8.0,55.0,62.0,1.7,1.7,30.0,8.0,34.0,458.0,22.0,34.0,16.0,1.7,1.6,34.0,6.0,45.0,259.0,25.0,15.0,10.0
https://fbref.com/en/matches/2e44168b/Real-Madrid-Sevilla-December-20-2025-La-Liga,Real Madrid,Sevilla,2,0,2.3,1.5,False,53%,47%,467.0,524.0,405.0,466.0,7,17,5,14,5,5,6,7,2,2,13,19,6,5,10,10,617.0,566.0,13.0,16.0,4,8,16.0,5.0,14.0,22.0,1,0,6.0,6.0,16.0,13.0,52.0,41.0,1.6,1.4,23.0,0.0,32.0,404.0,13.0,12.0,5.0,1.5,1.5,34.0,4.0,39.0,403.0,32.0,26.0,17.0
https://fbref.com/en/matches/965b0ab3/Real-Madrid-Espanyol-September-20-2025-La-Liga,Real Madrid,Espanyol,2,0,1.2,1.0,False,72%,28%,727.0,790.0,246.0,303.0,5,16,1,8,1,1,3,5,2,2,10,20,5,3,9,16,892.0,415.0,18.0,21.0,4,9,7.0,3.0,12.0,15.0,2,0,3.0,7.0,22.0,10.0,57.0,48.0,1.0,1.0,15.0,0.0,15.0,232.0,21.0,19.0,7.0,1.2,0.8,27.0,4.0,68.0,631.0,24.0,30.0,13.0
https://fbref.com/en/matches/5a7f1446/Elche-Real-Madrid-November-23-2025-La-Liga,Elche,Real Madrid,2,2,1.4,3.4,False,49%,51%,432.0,512.0,463.0,538.0,6,15,7,20,5,7,4,6,5,5,10,8,2,8,14,29,636.0,662.0,19.0,17.0,5,12,9.0,8.0,31.0,26.0,1,2,12.0,8.0,19.0,14.0,52.0,48.0,3.5,3.5,38.0,4.0,54.0,348.0,26.0,25.0,10.0,1.4,1.4,29.0,4.0,35.0,361.0,21.0,17.0,8.0
https://fbref.com/en/matches/cc0d078a/Getafe-Real-Madrid-October-19-2025-La-Liga,Getafe,Real Madrid,0,1,0.6,2.3,False,24%,76%,117.0,219.0,579.0,676.0,1,7,10,23,9,10,1,1,6,6,27,11,1,4,8,10,328.0,800.0,19.0,17.0,15,6,12.0,22.0,24.0,19.0,2,3,10.0,7.0,13.0,24.0,64.0,85.0,2.3,1.9,42.0,2.0,53.0,354.0,21.0,25.0,11.0,0.6,0.5,13.0,0.0,12.0,108.0,4.0,12.0,2.0
https://fbref.com/en/matches/2aff6c8b/Real-Madrid-Villarreal-October-4-2025-La-Liga,Real Madrid,Villarreal,3,1,3.4,1.0,False,69%,31%,683.0,749.0,269.0,336.0,6,25,2,9,1,2,4,6,2,2,9,14,4,0,16,4,883.0,451.0,26.0,29.0,4,6,10.0,2.0,16.0,19.0,0,0,5.0,13.0,19.0,15.0,45.0,47.0,1.0,1.0,16.0,2.0,23.0,273.0,19.0,18.0,8.0,2.6,2.1,47.0,6.0,76.0,591.0,31.0,34.0,13.0
https://fbref.com/en/matches/da642f56/Real-Madrid-Marseille-September-16-2025-Champions-League,Real Madrid,Marseille,2,1,3.6,0.8,False,44%,56%,364.0,431.0,478.0,559.0,13,26,5,15,4,5,13,13,4,4,9,14,9,4,11,11,550.0,675.0,11.0,22.0,10,6,5.0,12.0,20.0,25.0,1,3,7.0,5.0,15.0,11.0,46.0,37.0,0.8,0.6,29.0,2.0,33.0,425.0,17.0,12.0,6.0,2.2,1.6,43.0,3.0,57.0,291.0,24.0,32.0,11.0
https://fbref.com/en/matches/36ad3a92/Qairat-Almaty-Real-Madrid-September-30-2025-Champions-League,Qaırat Almaty,Real Madrid,0,5,0.4,3.5,False,33%,67%,248.0,327.0,568.0,655.0,4,11,11,19,7,11,4,4,2,2,6,9,3,6,10,12,455.0,762.0,22.0,14.0,14,6,7.0,12.0,30.0,13.0,1,0,10.0,4.0,16.0,19.0,61.0,48.0,2.8,2.7,39.0,9.0,75.0,416.0,24.0,27.0,15.0,0.4,0.4,19.0,0.0,20.0,227.0,17.0,8.0,5.0
https://fbref.com/en/matches/2a8f1453/Real-Madrid-Celta-Vigo-December-7-2025-La-Liga,Real Madrid,Celta Vigo,0,2,2.4,1.6,False,57%,43%,554.0,630.0,400.0,466.0,7,23,5,7,3,5,7,7,8,8,6,12,8,1,27,2,724.0,558.0,10.0,14.0,9,12,10.0,4.0,4.0,30.0,2,1,3.0,14.0,10.0,11.0,46.0,52.0,1.6,1.6,14.0,4.0,22.0,332.0,17.0,13.0,10.0,2.5,2.2,42.0,0.0,50.0,522.0,27.0,20.0,8.0
https://fbref.com/en/matches/75fff438/Girona-Real-Madrid-November-30-2025-La-Liga,Girona,Real Madrid,1,1,0.8,2.5,False,41%,59%,379.0,451.0,571.0,655.0,4,10,3,24,3,3,3,4,3,3,9,13,2,5,5,26,588.0,755.0,15.0,20.0,10,8,10.0,9.0,38.0,9.0,1,2,11.0,7.0,15.0,12.0,57.0,52.0,1.7,1.4,42.0,2.0,60.0,559.0,25.0,14.0,7.0,0.8,0.8,19.0,2.0,28.0,339.0,21.0,18.0,3.0
https://fbref.com/en/matches/5333666a/Real-Madrid-Valencia-November-1-2025-La-Liga,Real Madrid,Valencia,4,0,2.9,0.5,False,65%,35%,673.0,756.0,336.0,412.0,9,19,1,4,1,1,6,9,1,1,14,7,7,1,16,10,873.0,553.0,21.0,23.0,7,12,6.0,6.0,12.0,43.0,2,0,2.0,8.0,22.0,16.0,56.0,53.0,0.5,0.3,7.0,0.0,20.0,292.0,12.0,21.0,8.0,1.3,1.0,37.0,6.0,83.0,390.0,28.0,26.0,8.0
https://fbref.com/en/matches/9325be28/Atletico-Palma-del-Rio-Real-Betis-October-30-2025-Copa-del-Rey,Atlético Palma del Río,Real Betis,1,7,0.6000000000000001,3.6,True,44%,56%,,,,,1,7,10,22,3,10,0,1,0,0,8,9,3,8,9,12,,,,,8,5,,,,,3,5,,,,,,,5,0,,,,,,,,8,0,,,,,,,
https://fbref.com/en/matches/78417ae4/Getafe-Espanyol-December-13-2025-La-Liga,Getafe,Espanyol,0,1,0.2,0.6,False,56%,44%,310,444,219,353,1,11,4,6,3,4,1,1,5,5,18,17,6,4,27,11,550,464,9,16,4,6,17,19,18,39,2,3,3,8,29,24,98,93,0.6,0.4,11,2,15,205,8,9,3,0.2,0.1,16,0,32,233,4,18,8
https://fbref.com/en/matches/6cce558b/Puerto-de-Vega-Celta-Vigo-October-30-2025-Copa-del-Rey,Puerto de Vega,Celta Vigo,0,2,0.35,3.75,True,17%,83%,,,,,1,2,10,25,7,10,1,1,1,1,6,6,0,3,3,12,,,,,12,1,,,,,,,,,,,,,1,0,,,,,,,,12,0,,,,,,,
https://fbref.com/en/matches/c533e103/Elche-Oviedo-September-21-2025-La-Liga,Elche,Oviedo,1,0,1.5,1.1,False,60%,40%,556,634,335,418,5,15,4,12,4,4,4,5,2,2,9,18,3,3,15,18,749,521,18,16,11,5,5,11,18,19,1,1,6,7,13,24,61,72,1.1,0.4,21,0,43,213,14,21,10,1.6,0.6,25,2,50,520,25,17,7
https://fbref.com/en/matches/feb28348/Sevilla-Mallorca-October-18-2025-La-Liga,Sevilla,Mallorca,1,3,1.3,1.9,False,58%,42%,368,461,244,337,4,13,6,7,3,6,3,4,2,2,16,13,9,2,24,12,567,447,15,16,9,5,20,12,18,33,3,0,2,6,15,21,77,71,1.9,1.3,11,5,32,199,15,17,9,1.3,1.0,22,2,37,353,16,19,9
https://fbref.com/en/matches/2744cb5b/Atletico-Madrid-Valencia-December-13-2025-La-Liga,Atlético Madrid,Valencia,2,1,1.0,1.2,False,46%,54%,393,486,466,565,6,10,2,13,1,2,4,6,3,3,13,11,5,7,18,24,607,668,18,14,9,8,22,6,35,19,2,1,5,7,16,18,61,64,1.2,0.8,22,2,45,322,10,25,15,1.0,0.8,17,3,34,321,7,13,5
https://fbref.com/en/matches/a8f0fd7e/Espanyol-Real-Betis-October-5-2025-La-Liga,Espanyol,Real Betis,1,2,2.3,1.3,False,50%,50%,402,511,405,502,4,13,3,12,1,3,3,4,2,2,16,4,10,5,39,19,629,632,14,16,6,6,14,23,16,53,2,1,6,13,17,11,69,81,1.4,1.0,18,3,34,355,15,10,4,1.5,1.4,26,1,54,354,28,17,9
https://fbref.com/en/matches/e1d1e807/Barcelona-Girona-October-18-2025-La-Liga,Barcelona,Girona,2,1,1.6,1.7,False,67%,33%,630,710,277,344,9,27,4,11,3,4,7,9,1,1,10,7,11,5,28,18,813,471,20,11,5,7,10,14,17,43,1,2,6,20,9,12,37,55,1.7,1.7,21,2,29,223,19,15,4,1.6,1.4,49,4,60,517,29,23,12
https://fbref.com/en/matches/d3b1ee9e/Real-Betis-Nottingham-Forest-September-24-2025-Europa-League,Real Betis,Nottingham Forest,2,2,0.4,2.7,False,56%,44%,505,562,374,443,4,9,6,16,4,6,2,4,3,3,16,16,3,3,16,10,679,546,20,18,12,3,7,10,11,15,0,1,3,5,12,14,42,47,3.2,3.1,30,3,30,274,12,24,10,0.4,0.4,17,4,42,465,18,27,14
https://fbref.com/en/matches/44957334/Levante-Celta-Vigo-November-2-2025-La-Liga,Levante,Celta Vigo,1,2,1.1,2.0,False,36%,64%,276,365,564,645,3,8,6,20,4,6,2,3,3,3,10,12,4,4,14,17,477,761,17,15,12,10,12,11,27,27,0,0,12,8,17,17,74,53,2.0,1.6,37,4,64,494,31,19,5,0.3,0.2,14,1,15,263,9,10,4
https://fbref.com/en/matches/8994374c/CD-Toledo-Sevilla-October-28-2025-Copa-del-Rey,CD Toledo,Sevilla,1,4,0.95,2.45,True,39%,62%,,,,,2,9,7,14,3,7,1,2,3,3,18,8,5,7,,,,,,,,,,,,,1,9,,,,,,,,0,,,,,,,,,0,,,,,,,
https://fbref.com/en/matches/0c64b4c3/Barcelona-Getafe-September-21-2025-La-Liga,Barcelona,Getafe,3,0,2.0,0.2,False,70%,30%,693,775,226,332,7,16,2,3,2,2,4,7,2,2,9,16,3,2,5,9,892,437,12,22,7,13,12,9,21,19,3,1,4,8,24,21,54,80,0.2,0.1,6,0,23,151,9,12,6,2.0,1.7,32,6,48,595,22,29,11
https://fbref.com/en/matches/4ed4de50/Real-Betis-Atletico-Madrid-October-27-2025-La-Liga,Real Betis,Atlético Madrid,0,2,1.1,0.6,False,57%,43%,503,601,360,453,5,17,4,9,2,4,5,5,2,2,9,18,2,5,26,6,732,596,20,29,3,6,12,9,23,31,4,4,5,12,22,17,63,59,0.6,0.5,12,3,24,350,13,17,8,1.1,1.0,32,0,52,460,29,28,14
https://fbref.com/en/matches/d515cc07/Celta-Vigo-PAOK-October-2-2025-Europa-League,Celta Vigo,PAOK,3,1,2.7,0.8,False,63%,37%,614,703,339,413,9,15,2,5,1,2,6,9,3,3,9,13,5,1,16,8,785,499,20,6,5,9,6,7,10,16,2,1,5,7,22,18,67,75,0.8,0.1,6,1,20,260,9,12,5,2.8,2.5,28,5,55,487,21,13,9
https://fbref.com/en/matches/fdf8c4ab/Ourense-CF-Athletic-Club-December-18-2025-Copa-del-Rey,Ourense CF,Athletic Club,0,1,0.55,3.2,True,47%,53%,,,,,1,6,7,29,6,7,1,1,3,3,22,12,5,11,21,32,,,,,4,14,,,,,4,2,,,,,,,14,0,,,,,,,,4,0,,,,,,,
https://fbref.com/en/matches/80c28734/Celta-Vigo-Real-Sociedad-October-19-2025-La-Liga,Celta Vigo,Real Sociedad,1,1,1.0,1.5,False,42%,58%,318,416,480,578,1,4,7,17,6,7,0,1,5,5,10,20,1,10,3,35,516,670,15,8,8,9,16,10,32,16,1,8,11,4,23,14,73,61,1.6,1.4,30,2,54,410,29,24,8,1.0,0.9,7,2,12,254,5,14,7
https://fbref.com/en/matches/83f9e231/Newcastle-United-Athletic-Club-November-5-2025-Champions-League,Newcastle United,Athletic Club,2,0,1.2,0.6,False,58%,42%,451,559,292,406,4,8,5,12,5,5,2,4,0,0,11,13,2,5,10,17,662,526,18,19,8,12,20,7,19,12,3,0,11,7,20,26,68,74,0.6,0.5,18,0,31,289,13,19,6,1.2,0.7,16,4,32,326,10,13,7
https://fbref.com/en/matches/1de126e4/Real-Sociedad-Sevilla-October-24-2025-La-Liga,Real Sociedad,Sevilla,2,1,1.6,0.2,False,40%,60%,227,340,385,513,2,4,1,6,0,1,1,2,1,1,19,14,1,9,13,15,462,621,22,13,12,8,21,13,27,19,2,1,4,6,18,27,66,85,0.2,0.2,12,2,39,359,12,23,10,0.8,0.2,5,1,14,221,7,9,3
https://fbref.com/en/matches/7e399aad/Sevilla-Oviedo-December-14-2025-La-Liga,Sevilla,Oviedo,4,0,2.0,0.6,False,56%,44%,378,467,282,372,7,13,1,4,1,1,3,7,1,1,11,12,5,3,8,17,586,479,14,14,7,11,12,11,25,17,3,1,10,4,24,23,72,60,0.6,0.5,8,0,25,260,11,14,4,2.0,1.8,20,7,23,351,15,18,7
https://fbref.com/en/matches/9fb36339/Levante-Real-Sociedad-December-20-2025-La-Liga,Levante,Real Sociedad,1,1,1.3,1.4,False,44%,56%,299,399,415,505,2,12,6,18,5,6,2,2,6,6,16,13,7,10,28,23,522,637,14,18,12,4,14,9,28,49,3,3,8,4,14,18,72,57,1.4,0.9,32,2,36,309,15,14,8,0.5,0.3,23,2,34,267,17,18,5
https://fbref.com/en/matches/01f948be/Barcelona-Paris-Saint-Germain-October-1-2025-Champions-League,Barcelona,Paris Saint-Germain,1,2,1.3,1.7,False,47%,53%,387,449,435,508,1,12,7,16,5,7,0,1,4,4,12,14,4,9,5,15,562,611,18,21,12,6,7,4,19,8,0,2,9,6,15,14,44,49,1.7,1.6,31,4,39,412,26,21,9,1.3,0.9,22,2,30,259,15,27,14
https://fbref.com/en/matches/4ab0ead6/Espanyol-Atletico-Madrid-August-17-2025-La-Liga,Espanyol,Atlético Madrid,2,1,1.3,1.1,False,40%,60%,346,436,567,647,5,9,4,15,3,4,3,5,3,3,14,11,1,3,24,15,518,739,10,11,5,5,20,14,22,22,0,1,8,6,13,10,60,61,1.1,1.0,29,2,60,382,22,17,10,1.3,1.2,18,4,29,305,15,15,7
https://fbref.com/en/matches/fedc1653/Espanyol-Osasuna-August-31-2025-La-Liga,Espanyol,Osasuna,1,0,1.2,1.4,False,46%,54%,341,446,426,530,4,10,3,10,3,3,3,4,2,2,13,14,2,3,18,17,557,647,16,14,2,10,15,22,34,17,2,1,8,8,16,14,57,72,1.4,1.3,16,0,30,384,17,17,8,1.2,1.2,16,2,39,298,12,6,2
https://fbref.com/en/matches/a337b5dc/Navalcarnero-Getafe-December-2-2025-Copa-del-Rey,Navalcarnero,Getafe,2,3,3.7,2.8,True,33%,67%,,,,,10,24,6,26,4,6,8,10,1,1,21,12,5,5,19,34,,,,,18,8,,,,,3,0,,,,,,,8,0,,,,,,,,18,1,,,,,,,
https://fbref.com/en/matches/535d6763/Rayo-Vallecano-Valencia-December-1-2025-La-Liga,Rayo Vallecano,Valencia,1,1,1.5,0.6,False,55%,45%,408,503,310,407,6,19,1,10,0,1,5,6,1,1,11,9,10,5,31,25,624,526,15,10,8,5,10,11,29,45,1,0,6,9,28,27,88,67,0.6,0.3,18,1,35,221,16,16,5,1.7,0.9,32,2,32,355,18,10,4
https://fbref.com/en/matches/2d16f693/Ludogorets-Razgrad-Real-Betis-October-2-2025-Europa-League,Ludogorets Razgrad,Real Betis,0,2,0.4,0.7,False,53%,47%,429,520,375,461,1,13,2,12,1,2,1,1,1,1,8,15,6,5,23,14,618,560,13,15,7,6,11,9,17,29,2,5,5,9,14,17,55,68,0.7,0.7,21,1,27,341,14,12,4,0.4,0.4,23,0,33,410,20,24,11
https://fbref.com/en/matches/8a1ed565/Valencia-Sevilla-December-7-2025-La-Liga,Valencia,Sevilla,1,1,1.2,0.3,False,49%,51%,345,456,365,478,3,11,1,4,1,1,2,3,3,3,12,18,2,2,19,8,557,592,10,24,7,8,15,15,13,35,3,3,4,9,24,15,53,84,0.3,0.3,6,0,28,215,11,13,5,1.2,0.7,18,1,49,296,12,23,8
https://fbref.com/en/matches/74cf6cb4/Alaves-Atletico-Madrid-August-30-2025-La-Liga,Alavés,Atlético Madrid,1,1,0.9,1.0,False,40%,60%,314,398,492,602,1,4,6,15,5,6,1,1,2,2,10,17,1,6,7,26,524,694,14,19,5,7,21,22,33,9,0,1,14,9,13,18,67,70,1.1,0.4,28,2,53,458,19,19,10,0.1,0.1,10,2,27,294,8,19,6
https://fbref.com/en/matches/2ed529d8/Barcelona-Valencia-September-14-2025-La-Liga,Barcelona,Valencia,6,0,3.9,0.1,False,71%,29%,645,718,196,293,10,24,1,2,1,1,4,10,0,0,9,8,5,4,9,13,832,386,17,19,8,4,15,11,23,21,4,4,2,12,18,21,48,65,0.1,0.1,4,0,11,161,7,13,2,4.0,3.8,44,12,60,545,22,22,7
https://fbref.com/en/matches/2b07e944/Villarreal-Barcelona-December-21-2025-La-Liga,Villarreal,Barcelona,0,2,1.6,2.6,False,22%,78%,153,232,752,833,5,14,3,18,2,3,5,5,2,2,10,8,5,10,10,16,352,954,14,13,9,6,8,15,22,24,6,1,12,3,15,13,59,43,1.9,1.9,35,4,76,522,24,28,16,1.7,0.9,18,0,13,156,9,13,6
https://fbref.com/en/matches/0c0fd4bf/Atletico-Baleares-Atletico-Madrid-December-17-2025-Copa-del-Rey,Atlético Baleares,Atlético Madrid,2,3,2.8499999999999996,1.5,True,43%,57%,,,,,9,12,4,10,1,4,6,9,0,0,8,14,7,7,19,26,,,,,7,7,,,,,2,4,,,,,,,7,0,,,,,,,,7,0,,,,,,,
https://fbref.com/en/matches/052a17ae/Real-Betis-Getafe-December-21-2025-La-Liga,Real Betis,Getafe,4,0,3.0,1.4,False,48%,52%,330,415,337,448,8,19,3,14,3,3,4,8,0,0,13,12,7,5,18,28,574,549,19,12,6,12,20,17,44,20,2,2,6,7,12,23,48,53,0.6,0.5,27,0,40,304,15,12,6,3.4,2.5,35,6,26,300,18,19,7
https://fbref.com/en/matches/0fea36e0/Espanyol-Sevilla-November-24-2025-La-Liga,Espanyol,Sevilla,2,1,1.1,1.8,False,35%,65%,196,286,441,542,5,8,5,22,5,5,3,5,4,4,18,7,4,13,13,23,419,658,20,18,7,2,9,16,30,19,0,1,10,3,29,20,65,81,1.8,1.7,39,0,40,408,25,17,8,1.1,1.0,13,3,23,173,10,14,6
https://fbref.com/en/matches/35a08dab/Celta-Vigo-Nice-October-23-2025-Europa-League,Celta Vigo,Nice,2,1,1.3,1.1,False,65%,35%,570,648,282,352,5,25,3,9,2,3,4,5,1,1,20,7,7,4,21,13,759,478,14,14,5,7,7,8,19,36,3,0,3,11,14,11,35,54,1.2,1.0,16,2,20,257,4,17,6,1.3,0.9,45,2,69,518,22,21,9
https://fbref.com/en/matches/9f5915ff/Dortmund-Villarreal-November-25-2025-Champions-League,Dortmund,Villarreal,4,0,3.2,0.8,False,66%,34%,587,660,278,346,5,11,1,10,1,1,1,5,1,1,17,12,3,2,18,5,763,463,19,15,9,6,8,7,11,30,0,1,6,3,13,26,59,60,0.8,0.8,16,0,27,249,12,19,9,2.3,1.4,21,6,57,412,27,25,15
https://fbref.com/en/matches/eaae4ec9/Getafe-Alaves-September-24-2025-La-Liga,Getafe,Alavés,1,1,0.3,0.6,False,46%,54%,234,344,284,402,1,7,4,10,3,4,0,1,2,2,14,20,2,7,13,14,470,526,25,15,10,9,21,27,27,29,5,6,4,6,21,26,88,71,0.6,0.5,15,1,17,243,8,21,10,0.3,0.2,13,1,28,170,8,13,6
https://fbref.com/en/matches/e5787fd0/Ciudad-de-Lucena-Villarreal-October-29-2025-Copa-del-Rey,Ciudad de Lucena,Villarreal,0,6,1.0,3.9999999999999996,True,39%,61%,,,,,2,10,12,20,6,12,2,2,1,1,11,9,3,4,12,11,,,,,9,4,,,,,0,6,,,,,,,4,0,,,,,,,,9,0,,,,,,,
https://fbref.com/en/matches/094ea75e/Villarreal-Oviedo-August-15-2025-La-Liga,Villarreal,Oviedo,2,0,2.4,0.9,False,68%,32%,647,726,281,345,10,25,3,4,3,3,8,10,1,1,10,8,10,1,32,4,808,446,11,11,14,5,7,12,6,34,0,1,2,14,24,11,51,57,0.1,0.1,7,0,14,202,6,18,8,2.4,2.2,46,3,72,536,46,14,4
https://fbref.com/en/matches/b509a1bd/Alaves-Sevilla-September-20-2025-La-Liga,Alavés,Sevilla,1,2,1.0,0.5,False,49%,51%,338,445,369,469,4,7,3,9,1,3,4,4,1,1,20,19,4,4,18,12,566,581,21,20,7,8,15,20,17,19,3,4,6,4,29,23,72,57,0.5,0.3,16,2,17,345,10,18,9,0.2,0.1,14,2,25,282,12,22,8
https://fbref.com/en/matches/eb5caa67/Eibar-Elche-December-16-2025-Copa-del-Rey,Eibar,Elche,0,1,0.95,0.55,True,50%,50%,,,,,2,9,1,6,0,1,1,2,1,1,18,22,5,3,22,7,,,,,10,10,,,,,2,2,,,,,,,10,0,,,,,,,,10,0,,,,,,,
https://fbref.com/en/matches/1152f0e9/Atletico-Madrid-Internazionale-November-26-2025-Champions-League,Atlético Madrid,Internazionale,2,1,1.1,1.4,False,49%,51%,436,530,469,561,6,15,6,17,5,6,4,6,0,0,12,8,7,6,23,17,647,688,11,19,8,10,15,13,24,29,1,2,10,10,12,9,56,38,1.4,1.3,31,2,45,421,32,14,8,1.1,0.6,26,3,40,402,23,16,5
https://fbref.com/en/matches/a3b54f5a/Athletic-Club-Qarabag-October-22-2025-Champions-League,Athletic Club,Qarabağ,3,1,3.4,0.6,False,60%,40%,444,538,266,366,5,21,3,9,2,3,2,5,0,0,14,5,8,3,22,9,693,510,25,25,11,15,11,8,13,24,1,0,1,16,20,17,60,78,0.6,0.3,14,0,19,262,13,22,7,3.5,2.9,32,5,77,454,21,22,5
https://fbref.com/en/matches/c7d4ed0a/Atletico-Madrid-Oviedo-November-29-2025-La-Liga,Atlético Madrid,Oviedo,2,0,1.9,0.9,False,53%,47%,510,587,456,527,8,14,1,12,1,1,6,8,0,0,5,8,7,2,19,17,681,648,13,21,6,8,9,9,17,26,2,1,10,6,27,10,48,55,0.9,0.6,23,0,38,417,20,27,20,1.9,1.2,24,3,47,424,22,16,11
https://fbref.com/en/matches/eb69818b/Arsenal-Atletico-Madrid-October-21-2025-Champions-League,Arsenal,Atlético Madrid,4,0,2.1,0.6,False,51%,49%,399,460,356,434,8,19,1,11,1,1,4,8,1,1,14,10,3,4,15,18,569,538,10,21,10,8,7,10,19,29,2,0,8,4,18,19,40,49,0.6,0.6,21,0,27,291,16,8,2,2.2,1.8,34,6,45,287,19,24,9
https://fbref.com/en/matches/28628853/Levante-Barcelona-August-23-2025-La-Liga,Levante,Barcelona,2,3,1.8,1.9,False,19%,81%,118,196,732,816,4,7,10,26,8,10,3,4,3,3,10,8,0,11,5,30,338,941,31,11,8,5,8,13,45,13,6,0,10,2,15,18,65,38,1.9,1.7,47,3,73,635,45,31,12,1.3,1.3,14,3,7,149,7,15,8
https://fbref.com/en/matches/d0c88999/Espanyol-Mallorca-September-15-2025-La-Liga,Espanyol,Mallorca,3,2,2.4,2.2,False,38%,62%,260,333,453,547,2,8,9,23,8,9,0,2,3,3,9,16,3,9,11,32,441,636,11,20,4,6,11,23,37,8,0,2,7,6,15,17,59,63,1.4,1.1,43,4,53,377,20,15,8,1.6,1.6,16,6,14,229,11,15,3
https://fbref.com/en/matches/01f0d9f3/Espanyol-Elche-October-25-2025-La-Liga,Espanyol,Elche,1,0,1.9,1.0,False,32%,68%,225,306,548,647,7,16,4,13,4,4,6,7,4,4,14,15,4,2,18,19,425,741,16,14,11,4,14,12,24,19,0,1,5,8,16,20,63,55,1.0,0.8,22,0,49,434,20,20,11,1.9,1.7,27,2,25,223,15,10,5
https://fbref.com/en/matches/8929b733/Atletico-Madrid-Levante-November-8-2025-La-Liga,Atlético Madrid,Levante,3,1,2.9,1.0,False,74%,26%,600,702,174,249,10,25,3,6,2,3,8,10,3,3,5,6,21,4,40,10,813,388,19,17,3,9,11,13,18,50,1,4,4,13,29,13,65,53,1.0,1.0,10,1,18,165,8,16,6,3.4,2.3,44,3,79,512,32,18,4
https://fbref.com/en/matches/a25dff66/Getafe-Oviedo-September-13-2025-La-Liga,Getafe,Oviedo,2,0,0.7,0.3,False,48%,52%,297,390,337,425,3,10,1,5,1,1,1,3,2,2,12,18,4,3,22,14,494,542,16,20,8,5,10,13,30,47,1,1,3,7,24,34,63,71,0.3,0.3,10,0,25,304,14,22,8,0.7,0.5,17,4,26,273,5,10,2
https://fbref.com/en/matches/d2ff2a0d/Barcelona-Atletico-Madrid-December-2-2025-La-Liga,Barcelona,Atlético Madrid,3,1,3.6,1.0,False,57%,43%,505,596,331,442,6,18,2,7,1,2,3,6,1,1,12,9,5,4,10,22,729,552,18,18,9,10,8,8,30,13,1,4,4,14,18,23,55,82,1.0,1.0,14,2,26,231,12,22,6,2.8,2.2,36,6,48,352,22,31,19
https://fbref.com/en/matches/8a4d023a/Villarreal-Girona-August-24-2025-La-Liga,Villarreal,Girona,5,0,2.3,0.1,False,53%,47%,488,554,445,499,7,19,2,5,2,2,2,7,1,1,8,9,8,1,14,10,653,606,22,18,5,6,11,3,14,25,3,0,6,10,15,15,40,40,0.1,0.1,10,0,46,432,19,21,8,2.3,1.7,34,7,54,480,28,23,13
https://fbref.com/en/matches/e392af48/Real-Avila-CF-Rayo-Vallecano-December-4-2025-Copa-del-Rey,Real Ávila CF,Rayo Vallecano,1,2,2.15,1.4,True,24%,76%,,,,,5,18,3,13,1,3,4,5,2,2,15,14,3,10,13,47,,,,,13,7,,,,,0,4,,,,,,,7,0,,,,,,,,13,0,,,,,,,
https://fbref.com/en/matches/641ac213/Alaves-Espanyol-November-2-2025-La-Liga,Alavés,Espanyol,2,1,1.2,1.0,False,54%,46%,412,500,332,434,4,13,2,18,1,2,2,4,5,5,14,12,1,6,7,32,658,561,19,22,9,13,19,17,37,12,0,0,9,7,17,28,70,63,1.1,0.8,31,2,41,307,24,17,6,1.2,0.6,21,3,32,345,17,30,14
https://fbref.com/en/matches/b44e2e99/Numancia-Mallorca-December-2-2025-Copa-del-Rey,Numancia,Mallorca,2,3,2.2,1.75,True,49%,51%,,,,,5,19,5,10,2,5,3,5,3,3,14,14,6,4,27,8,,,,,19,10,,,,,1,1,,,,,,,10,0,,,,,,,,19,0,,,,,,,
https://fbref.com/en/matches/914620c7/CD-Cieza-Levante-December-3-2025-Copa-del-Rey,CD Cieza,Levante,0,1,1.25,1.25,True,36%,64%,,,,,3,10,3,10,1,3,2,3,1,1,11,7,5,2,16,13,,,,,9,7,,,,,4,2,,,,,,,7,0,,,,,,,,9,0,,,,,,,
https://fbref.com/en/matches/26d939ed/Mallorca-Getafe-November-9-2025-La-Liga,Mallorca,Getafe,1,0,1.1,0.7,False,39%,61%,195,308,339,475,3,6,2,14,2,2,2,3,0,0,15,8,1,14,8,46,474,614,14,24,11,3,30,20,53,28,0,1,6,2,31,37,86,92,0.7,0.5,22,0,48,299,17,19,6,1.2,0.6,9,2,17,196,4,28,9
https://fbref.com/en/matches/e405826e/Valencia-Oviedo-September-30-2025-La-Liga,Valencia,Oviedo,1,2,1.5,0.8,False,56%,44%,491,575,359,445,4,15,4,10,2,4,3,4,1,1,14,12,5,4,21,9,685,554,10,17,10,8,8,8,18,31,1,4,4,8,11,17,48,60,0.8,0.5,19,4,36,328,13,11,7,0.7,0.6,29,2,57,463,22,21,9
https://fbref.com/en/matches/dc81b56c/Villarreal-Osasuna-September-20-2025-La-Liga,Villarreal,Osasuna,2,1,2.4,1.8,False,66%,34%,470,555,222,290,8,26,2,5,2,2,6,8,2,2,10,11,7,0,31,3,658,425,16,20,5,10,11,22,13,50,2,1,8,20,17,11,45,65,1.0,1.0,11,1,19,196,5,14,3,2.6,2.1,46,3,68,319,26,25,12
https://fbref.com/en/matches/78eae4db/Athletic-Club-Espanyol-December-22-2025-La-Liga,Athletic Club,Espanyol,1,2,1.6,0.9,False,65%,35%,467,580,215,315,7,17,5,10,3,5,6,7,5,5,10,9,8,4,33,13,705,463,11,27,11,11,10,13,25,36,0,1,7,15,16,18,62,83,0.9,0.7,15,4,16,171,7,11,4,1.6,0.7,30,1,58,488,30,24,6
https://fbref.com/en/matches/c458c61d/Sevilla-Villarreal-September-23-2025-La-Liga,Sevilla,Villarreal,1,2,1.0,1.9,False,65%,35%,557,651,280,355,2,16,5,12,3,5,1,2,2,2,17,14,3,3,25,6,768,485,23,18,10,10,16,7,23,29,0,3,5,9,24,20,56,58,1.9,1.7,23,4,27,208,16,28,10,1.0,0.8,30,2,53,378,28,31,14
https://fbref.com/en/matches/fdaa9b8b/Elche-Celta-Vigo-September-28-2025-La-Liga,Elche,Celta Vigo,2,1,3.5,0.8,False,61%,39%,541,614,322,394,7,16,2,8,1,2,5,7,3,3,12,20,7,2,25,10,709,507,16,23,6,1,3,7,21,36,3,3,4,6,9,18,57,41,0.8,0.8,16,2,25,250,8,16,3,2.8,2.4,26,3,31,426,22,21,9
https://fbref.com/en/matches/c573f04e/Athletic-Club-Girona-September-23-2025-La-Liga,Athletic Club,Girona,1,1,1.5,0.8,False,66%,34%,557,668,248,338,5,17,3,6,2,3,4,5,0,0,19,15,8,1,40,5,764,467,18,10,10,11,18,6,10,40,0,5,3,13,22,17,58,73,0.8,0.7,12,2,23,215,12,25,9,1.5,0.8,29,1,82,386,33,15,8
https://fbref.com/en/matches/e98a3106/Club-Brugge-Barcelona-November-5-2025-Champions-League,Club Brugge,Barcelona,3,3,2.2,2.4,False,25%,75%,183,253,696,773,6,10,6,23,4,6,3,6,2,2,11,6,0,3,4,17,369,873,16,12,7,8,5,9,34,9,1,1,12,3,16,12,56,39,2.4,2.2,40,4,68,472,28,18,7,2.2,2.2,20,6,22,183,13,13,7
https://fbref.com/en/matches/0cb69d7d/Dinamo-Zagreb-Celta-Vigo-November-6-2025-Europa-League,Dinamo Zagreb,Celta Vigo,0,3,0.8,1.6,False,59%,41%,612,710,419,485,5,10,3,8,1,3,5,5,0,0,6,12,5,2,28,5,781,614,16,11,12,9,6,6,13,43,3,3,4,6,23,15,57,50,1.6,1.6,16,4,30,381,17,14,6,0.8,0.4,20,0,48,546,22,10,4
https://fbref.com/en/matches/420389dd/Villarreal-Mallorca-November-22-2025-La-Liga,Villarreal,Mallorca,2,1,2.2,0.9,False,58%,42%,458,557,305,404,7,14,3,9,2,3,5,7,2,2,17,8,3,1,12,9,656,501,17,11,10,4,11,16,17,26,3,1,5,12,17,15,62,90,0.9,0.9,17,2,20,277,13,18,7,2.2,1.2,25,2,55,387,23,12,6
https://fbref.com/en/matches/301cda5f/Real-Sociedad-Rayo-Vallecano-October-5-2025-La-Liga,Real Sociedad,Rayo Vallecano,0,1,0.8,0.8,False,51%,49%,357,459,350,449,3,10,2,7,1,2,3,3,1,1,13,21,7,5,17,11,550,562,11,13,8,11,17,11,14,29,0,1,4,10,14,19,72,82,0.8,0.7,12,2,21,217,9,9,5,0.8,0.7,20,0,35,314,18,21,13
https://fbref.com/en/matches/d1cd53ab/Barcelona-Olympiacos-October-21-2025-Champions-League,Barcelona,Olympiacos,6,1,2.6,1.0,False,72%,28%,622,698,183,278,6,13,1,4,1,1,1,6,1,1,7,10,7,2,8,16,814,378,11,24,7,12,15,10,26,25,2,1,4,4,16,19,65,62,0.2,0.2,9,1,19,175,4,8,7,1.8,1.7,27,11,53,390,22,26,13
https://fbref.com/en/matches/1a73a7a7/Oviedo-Osasuna-November-3-2025-La-Liga,Oviedo,Osasuna,0,0,1.0,0.8,False,52%,48%,361,447,338,409,2,8,5,11,5,5,2,2,3,3,17,17,4,2,18,21,537,533,22,18,6,3,18,15,18,28,3,0,4,7,13,20,69,59,0.8,0.8,20,0,29,285,17,19,4,1.0,1.0,16,0,35,244,9,17,9
https://fbref.com/en/matches/4dfa8af6/Barcelona-Athletic-Club-November-22-2025-La-Liga,Barcelona,Athletic Club,4,0,2.0,0.9,False,67%,33%,640,731,277,354,7,19,2,13,2,2,3,7,0,0,9,9,5,7,6,19,837,476,15,18,5,9,12,6,17,18,7,3,8,7,13,11,32,46,0.9,0.8,25,0,38,235,11,14,5,2.0,1.5,36,7,43,523,19,23,12
https://fbref.com/en/matches/d993af85/Slavia-Prague-Athletic-Club-November-25-2025-Champions-League,Slavia Prague,Athletic Club,0,0,0.6,1.3,False,52%,48%,246,367,222,334,3,8,4,12,4,4,3,3,2,2,21,22,2,5,15,15,518,478,22,22,7,6,21,16,49,35,5,0,8,5,27,24,74,70,1.3,0.9,21,0,30,246,15,15,5,0.6,0.2,14,0,28,227,6,13,5
https://fbref.com/en/matches/e01678ac/Albacete-Celta-Vigo-December-17-2025-Copa-del-Rey,Albacete,Celta Vigo,2,2,1.85,2.15,True,36%,64%,,,,,5,12,5,18,3,5,3,5,2,2,13,15,5,8,24,18,,,,,7,8,,,,,5,5,,,,,,,8,0,,,,,,,,7,0,,,,,,,
https://fbref.com/en/matches/6cab71ef/Rayo-Vallecano-Shkendija-79-October-2-2025-Conference-League,Rayo Vallecano,Shkëndija 79,2,0,2.0,0.0,False,68%,32%,617,714,260,334,10,20,1,1,1,1,8,10,1,1,20,6,12,0,31,5,815,463,19,24,9,16,10,8,6,37,5,2,4,5,29,24,66,55,0.0,0.0,2,0,21,214,9,19,9,2.0,1.5,31,4,59,533,25,23,9
https://fbref.com/en/matches/be7240d9/Oviedo-Mallorca-December-5-2025-La-Liga,Oviedo,Mallorca,0,0,1.2,0.7,False,61%,39%,442,525,251,334,3,15,5,13,5,5,3,3,4,4,14,12,8,5,34,17,638,433,14,4,11,3,19,18,27,33,2,0,7,8,19,27,77,65,0.7,0.7,25,0,25,246,11,12,4,1.2,0.9,27,0,43,395,20,6,3
https://fbref.com/en/matches/bc209de1/Atletico-Madrid-Eintracht-Frankfurt-September-30-2025-Champions-League,Atlético Madrid,Eintracht Frankfurt,5,1,4.3,0.5,False,51%,49%,559,624,499,588,11,17,2,6,1,2,7,11,1,1,11,6,5,2,21,14,747,686,18,16,9,6,15,4,31,19,2,0,3,6,15,13,64,51,0.5,0.5,11,2,30,341,13,22,9,3.8,2.7,31,6,40,456,17,16,8
https://fbref.com/en/matches/b4e1e5be/Burgos-Getafe-December-18-2025-Copa-del-Rey,Burgos,Getafe,3,1,1.35,1.55,True,40%,60%,,,,,4,7,4,11,3,4,1,4,4,4,17,15,3,4,11,27,,,,,14,6,,,,,2,3,,,,,,,6,0,,,,,,,,14,0,,,,,,,
https://fbref.com/en/matches/a9cd9aa4/Levante-Real-Betis-September-14-2025-La-Liga,Levante,Real Betis,2,2,0.8,2.1,False,33%,67%,212,298,518,610,2,5,9,28,7,9,0,2,4,4,16,11,4,12,11,38,436,741,13,17,9,6,16,19,40,29,2,1,12,8,13,23,58,54,2.1,1.7,53,4,62,450,33,22,12,0.8,0.8,7,3,24,206,13,21,11
https://fbref.com/en/matches/f76197a8/Elche-Athletic-Club-October-19-2025-La-Liga,Elche,Athletic Club,0,0,1.0,0.3,False,68%,32%,546,647,216,302,5,15,1,4,1,1,5,5,2,2,14,20,6,2,24,9,740,410,12,13,8,6,12,16,13,31,3,3,9,6,22,15,66,54,0.3,0.2,6,0,16,144,11,10,5,1.1,0.5,24,0,41,416,20,18,7
https://fbref.com/en/matches/13448b32/Sevilla-Elche-September-12-2025-La-Liga,Sevilla,Elche,2,2,0.4,1.0,False,53%,47%,357,435,309,384,3,7,2,5,0,2,1,3,4,4,23,19,2,2,19,9,555,505,22,25,9,9,18,8,26,27,1,0,4,3,21,13,48,57,1.0,0.9,10,4,17,240,8,15,4,0.4,0.2,10,2,35,319,12,14,4
https://fbref.com/en/matches/1c4c6f80/Sevilla-Real-Betis-November-30-2025-La-Liga,Sevilla,Real Betis,0,2,0.3,1.1,False,64%,36%,343,461,162,259,2,9,4,9,2,4,2,2,3,3,14,22,6,4,16,17,567,405,15,18,10,11,20,19,22,44,2,0,9,7,20,24,71,53,1.1,0.5,15,4,18,148,13,17,10,0.3,0.2,16,0,34,300,15,23,13
https://fbref.com/en/matches/4866d782/Espanyol-Valencia-September-23-2025-La-Liga,Espanyol,Valencia,2,2,2.5,0.8,False,56%,44%,401,517,307,402,8,21,2,5,0,2,6,8,1,1,9,9,8,3,36,10,621,543,7,25,11,9,24,24,25,53,5,2,3,9,31,14,89,71,0.8,0.8,8,4,25,210,8,11,3,2.6,2.1,37,4,48,281,21,14,6
https://fbref.com/en/matches/8dcc7a17/Oviedo-Espanyol-October-17-2025-La-Liga,Oviedo,Espanyol,0,2,0.8,3.7,False,60%,40%,496,574,294,382,4,13,10,19,8,10,4,4,2,2,9,8,3,5,20,33,695,492,13,11,11,7,18,17,29,26,0,2,7,8,20,24,59,59,3.7,2.2,34,3,43,255,21,14,9,0.8,0.5,21,0,32,475,25,14,10
https://fbref.com/en/matches/98cdf1bd/Real-Betis-Real-Sociedad-September-19-2025-La-Liga,Real Betis,Real Sociedad,3,1,2.3,0.8,False,50%,50%,420,520,409,525,6,21,5,11,4,5,4,6,3,3,7,20,3,5,6,15,677,656,26,25,17,14,10,12,32,7,0,3,5,8,20,20,71,51,0.8,0.6,20,2,52,364,20,35,11,2.3,2.0,36,4,40,412,17,31,9
https://fbref.com/en/matches/74a1258d/Athletic-Club-Sevilla-August-17-2025-La-Liga,Athletic Club,Sevilla,3,2,2.8,1.0,False,46%,54%,326,433,417,517,2,13,6,12,4,6,0,2,0,0,8,12,10,1,21,10,532,635,11,18,6,12,6,9,12,33,0,8,5,4,21,17,75,66,1.0,0.9,22,4,36,290,17,15,6,2.1,1.3,25,6,38,248,20,28,12
https://fbref.com/en/matches/12962665/Celta-Vigo-Barcelona-November-9-2025-La-Liga,Celta Vigo,Barcelona,2,4,0.6,3.2,False,39%,61%,405,489,677,756,3,5,8,20,5,8,1,3,1,1,13,10,2,5,7,11,602,869,21,15,11,12,2,9,16,15,5,2,3,2,22,18,60,36,2.5,1.7,38,7,39,389,20,25,7,0.6,0.5,8,4,27,314,3,15,7
https://fbref.com/en/matches/abb1b26b/Valencia-Getafe-August-29-2025-La-Liga,Valencia,Getafe,3,0,1.1,0.7,False,57%,43%,359,458,265,345,4,7,1,11,1,1,1,4,2,2,18,7,8,6,22,21,563,484,12,16,3,5,17,5,31,31,0,5,8,3,28,22,58,71,0.7,0.4,20,0,19,201,12,12,6,1.1,1.1,13,5,27,313,17,16,8
https://fbref.com/en/matches/f534cd59/Oviedo-Levante-October-4-2025-La-Liga,Oviedo,Levante,0,2,1.2,1.9,False,57%,43%,449,543,321,407,2,13,5,14,3,5,2,2,2,2,10,10,9,3,30,10,660,545,15,14,7,11,25,12,25,39,1,2,5,10,25,21,70,75,1.9,0.7,23,3,26,334,14,13,3,1.3,1.1,23,0,45,405,21,18,6
https://fbref.com/en/matches/e48c87f0/Real-Betis-Lyon-November-6-2025-Europa-League,Real Betis,Lyon,2,0,0.9,0.4,False,33%,67%,265,342,592,681,6,9,3,10,3,3,4,6,2,2,10,12,2,6,3,21,462,792,25,17,10,8,11,12,27,12,0,2,9,2,13,26,63,34,0.4,0.3,17,0,49,548,23,25,11,0.9,0.8,15,4,18,229,9,14,5
https://fbref.com/en/matches/7c305a21/Real-Sociedad-Mallorca-September-24-2025-La-Liga,Real Sociedad,Mallorca,1,0,2.7,0.7,False,63%,37%,470,598,249,344,3,17,3,7,3,3,2,3,2,2,13,15,11,2,25,12,714,493,13,15,2,8,16,18,26,52,2,0,5,10,22,20,79,80,0.7,0.6,12,0,25,231,7,11,6,2.8,2.7,29,2,54,354,15,22,10
https://fbref.com/en/matches/f9d5b454/Oviedo-Celta-Vigo-December-20-2025-La-Liga,Oviedo,Celta Vigo,0,0,0.6,0.7,False,56%,44%,438,546,345,431,3,10,2,6,2,2,3,3,2,2,14,7,4,3,28,8,648,552,16,9,7,8,14,10,15,41,6,3,5,7,26,17,78,53,0.7,0.4,12,0,22,274,9,13,3,0.6,0.5,16,0,45,350,15,13,5
https://fbref.com/en/matches/af082fd0/Rayo-Vallecano-Real-Betis-December-15-2025-La-Liga,Rayo Vallecano,Real Betis,0,0,1.5,0.8,False,58%,42%,383,493,257,355,7,23,6,13,6,6,7,7,4,4,10,7,8,3,29,11,621,491,17,12,3,11,7,10,19,53,4,0,9,11,19,33,73,74,0.8,0.7,25,0,27,236,8,13,5,1.9,0.5,40,0,54,331,17,11,7
https://fbref.com/en/matches/20544d69/Girona-Valencia-October-4-2025-La-Liga,Girona,Valencia,2,1,1.0,1.1,False,46%,54%,332,422,409,502,4,4,6,19,5,6,2,4,7,7,13,12,0,7,12,18,519,595,10,10,10,5,16,12,27,17,5,1,8,4,15,17,59,53,1.1,0.6,32,2,31,330,14,13,7,1.2,0.8,7,3,25,297,14,10,5
https://fbref.com/en/matches/cb17eccc/Espanyol-Rayo-Vallecano-December-7-2025-La-Liga,Espanyol,Rayo Vallecano,1,0,1.3,0.3,False,37%,63%,196,282,387,479,1,8,2,6,2,2,1,1,5,5,19,22,6,2,21,20,392,585,16,7,12,6,16,18,28,25,1,1,4,7,21,24,52,72,0.3,0.2,8,0,28,368,13,16,9,0.5,0.4,15,2,14,179,11,6,4
https://fbref.com/en/matches/8aeb0904/Mallorca-Levante-October-26-2025-La-Liga,Mallorca,Levante,1,1,1.6,1.9,False,62%,38%,505,609,252,367,4,20,5,13,4,5,3,4,3,3,8,13,5,4,31,14,742,490,10,22,13,12,18,13,21,27,3,3,4,13,20,14,68,78,1.9,1.1,22,1,30,182,14,20,14,1.6,1.3,39,2,56,476,24,22,11
https://fbref.com/en/matches/25430036/Atletico-Madrid-Sevilla-November-1-2025-La-Liga,Atlético Madrid,Sevilla,3,0,3.3,0.3,False,47%,53%,416,507,477,562,5,14,2,10,2,2,3,5,0,0,9,12,9,4,25,8,609,671,15,24,10,4,20,16,11,31,0,0,6,7,21,18,64,52,0.3,0.3,20,0,28,402,20,14,7,2.7,2.7,30,6,41,334,17,18,7
https://fbref.com/en/matches/0fcd5ff0/Athletic-Club-Rayo-Vallecano-August-25-2025-La-Liga,Athletic Club,Rayo Vallecano,1,0,1.5,0.3,False,40%,60%,269,366,440,548,3,10,1,6,1,1,3,3,0,0,13,13,3,6,16,18,485,667,14,16,5,13,16,9,29,20,0,7,6,11,12,21,54,85,0.3,0.1,10,0,32,350,21,17,7,0.7,0.7,18,2,39,227,14,16,9
https://fbref.com/en/matches/18a70b1a/Alaves-Sevilla-December-17-2025-Copa-del-Rey,Alavés,Sevilla,1,0,2.5,1.2,True,52%,48%,,,,,7,15,3,9,3,3,5,7,1,1,15,18,11,9,22,19,,,,,12,13,,,,,2,1,,,,,,,13,0,,,,,,,,12,0,,,,,,,
https://fbref.com/en/matches/a16070e0/Villarreal-Manchester-City-October-21-2025-Champions-League,Villarreal,Manchester City,0,2,1.2,1.3,False,34%,66%,301,366,639,697,2,11,7,10,5,7,2,2,4,4,17,15,1,3,15,12,465,799,17,14,9,4,3,9,13,26,0,0,6,9,10,10,48,32,1.3,1.2,18,4,48,541,30,20,10,1.3,0.7,19,0,32,311,19,12,1
https://fbref.com/en/matches/11a8655e/Atletico-Madrid-Elche-August-23-2025-La-Liga,Atlético Madrid,Elche,1,1,1.7,0.6,False,58%,42%,496,608,352,437,6,13,2,6,1,2,5,6,0,0,14,7,10,2,37,4,708,565,20,19,9,12,13,13,11,29,3,0,5,10,20,14,76,64,0.6,0.6,12,2,21,307,11,20,8,1.7,1.1,22,2,66,374,39,21,6
https://fbref.com/en/matches/f302a362/Barcelona-Eintracht-Frankfurt-December-9-2025-Champions-League,Barcelona,Eintracht Frankfurt,2,1,1.5,0.8,False,74%,26%,770,867,181,297,7,19,4,6,3,4,5,7,2,2,10,11,5,0,20,5,999,420,11,19,5,9,14,9,23,35,2,8,1,11,21,14,56,68,0.8,0.7,9,1,16,158,7,10,2,1.5,1.4,33,4,93,592,18,29,14
https://fbref.com/en/matches/d8332af4/Atletico-Madrid-Osasuna-October-18-2025-La-Liga,Atlético Madrid,Osasuna,1,0,2.5,1.1,False,58%,42%,485,571,319,408,9,18,2,9,2,2,8,9,1,1,10,11,4,2,18,15,699,519,16,18,10,7,20,16,24,33,6,1,5,13,15,18,59,68,1.1,1.0,14,0,19,296,11,19,8,2.6,2.2,29,2,53,368,23,17,5
https://fbref.com/en/matches/9bf5115e/Girona-Sevilla-August-30-2025-La-Liga,Girona,Sevilla,0,2,2.0,1.3,False,59%,41%,391,492,271,343,5,20,4,13,2,4,5,5,0,0,5,14,11,3,35,5,599,495,15,17,2,3,14,8,16,52,2,0,6,7,23,13,65,64,1.3,1.2,20,4,20,259,17,10,4,2.1,2.0,33,0,50,374,19,26,11
https://fbref.com/en/matches/12c8079e/Girona-Rayo-Vallecano-August-15-2025-La-Liga,Girona,Rayo Vallecano,1,3,0.6,3.4,False,45%,55%,325,425,445,520,2,7,3,15,1,3,1,2,1,1,8,17,2,4,12,15,521,641,13,27,3,8,15,16,18,20,1,1,10,7,25,19,67,64,2.6,2.0,22,3,34,379,15,13,7,0.6,0.4,10,2,22,320,8,20,9
https://fbref.com/en/matches/aaca9bcb/Liverpool-Atletico-Madrid-September-17-2025-Champions-League,Liverpool,Atlético Madrid,3,2,2.7,0.6,False,56%,44%,561,643,408,503,6,20,4,10,2,4,3,6,1,1,7,9,7,6,22,25,762,605,13,17,5,9,19,12,29,29,1,2,3,11,19,10,58,65,0.6,0.5,19,3,42,360,22,13,4,2.7,2.5,35,5,66,500,31,38,8
https://fbref.com/en/matches/a0d1ca80/Alaves-Levante-August-16-2025-La-Liga,Alavés,Levante,2,1,1.2,0.9,False,61%,39%,418,536,223,337,4,15,3,7,2,3,2,4,0,0,15,13,10,1,37,13,650,435,15,16,10,4,23,21,24,33,1,3,5,16,26,21,86,78,0.9,0.1,11,1,23,173,6,10,3,1.3,0.7,27,4,50,342,13,17,3
https://fbref.com/en/matches/6cfad186/Alaves-Celta-Vigo-November-22-2025-La-Liga,Alavés,Celta Vigo,0,1,0.4,1.4,False,52%,48%,457,564,425,523,2,5,3,6,3,3,2,2,2,2,21,15,4,2,28,6,671,630,12,24,12,9,16,8,11,27,4,2,4,11,18,13,65,63,0.6,0.6,14,2,32,341,14,17,6,0.4,0.3,8,0,35,273,10,23,11
https://fbref.com/en/matches/8093d85d/Getafe-Levante-September-27-2025-La-Liga,Getafe,Levante,1,1,0.6,1.2,False,53%,47%,245,383,200,334,4,11,3,11,2,3,3,4,4,4,15,16,6,2,23,11,515,473,19,18,5,5,24,23,52,39,2,2,15,11,27,29,101,101,1.2,0.8,16,2,20,172,3,10,3,0.6,0.4,18,2,19,179,9,18,10
https://fbref.com/en/matches/d0ff7e12/Hacken-Rayo-Vallecano-October-23-2025-Conference-League,Häcken,Rayo Vallecano,2,2,2.2,1.6,False,41%,59%,256,366,446,534,4,10,3,10,2,3,2,4,5,5,11,13,10,5,22,16,471,651,17,16,14,11,9,5,23,33,1,3,7,5,19,22,65,69,0.8,0.8,21,4,31,346,14,14,5,2.2,1.2,15,4,45,175,13,10,4
https://fbref.com/en/matches/1d5355d4/Chelsea-Barcelona-November-25-2025-Champions-League,Chelsea,Barcelona,3,0,1.8,0.7,False,56%,44%,478,554,368,440,5,15,2,5,2,2,3,5,1,1,18,12,4,0,11,3,658,544,13,26,9,7,3,10,8,15,6,1,3,6,16,13,52,46,0.7,0.7,9,0,18,245,9,16,10,1.9,1.8,27,4,38,461,17,23,7
https://fbref.com/en/matches/ec3f1f8d/Rayo-Vallecano-Celta-Vigo-September-21-2025-La-Liga,Rayo Vallecano,Celta Vigo,1,1,1.1,0.9,False,58%,42%,487,588,318,421,5,15,5,9,4,5,4,5,1,1,8,10,5,7,30,18,696,532,11,13,8,9,11,7,22,33,1,0,6,13,18,26,86,88,0.9,0.9,18,2,33,258,16,15,7,1.1,0.5,27,2,44,438,22,12,5
https://fbref.com/en/matches/08deb3d7/Cultural-Leonesa-Levante-December-17-2025-Copa-del-Rey,Cultural Leonesa,Levante,1,0,3.0999999999999996,1.15,True,48%,52%,,,,,9,17,3,8,3,3,8,9,1,1,7,11,4,6,12,31,,,,,4,6,,,,,1,5,,,,,,,6,0,,,,,,,,4,0,,,,,,,
https://fbref.com/en/matches/3c0d8285/Dinamo-Zagreb-Real-Betis-December-11-2025-Europa-League,Dinamo Zagreb,Real Betis,1,3,0.8,1.9,False,42%,58%,394,476,595,661,2,8,5,15,3,5,1,2,2,2,17,11,5,4,13,11,568,772,24,16,7,11,9,8,16,14,3,0,6,5,11,19,45,49,1.9,1.7,26,2,45,549,15,26,11,0.8,0.4,15,2,36,326,20,14,7
https://fbref.com/en/matches/a2938790/Real-Sociedad-Girona-December-12-2025-La-Liga,Real Sociedad,Girona,1,2,0.9,1.4,False,47%,53%,442,528,515,593,4,9,3,14,1,3,3,4,1,1,20,5,4,3,16,11,645,718,25,17,13,10,11,8,18,24,2,4,7,4,14,15,52,64,1.4,1.3,20,3,41,484,23,29,14,0.9,0.9,17,1,43,468,18,17,9
https://fbref.com/en/matches/2b70e711/Orihuela-Levante-October-30-2025-Copa-del-Rey,Orihuela,Levante,3,4,2.9,3.05,True,59%,41%,,,,,8,18,8,21,4,8,5,8,3,3,12,20,5,6,25,12,,,,,5,10,,,,,0,2,,,,,,,10,0,,,,,,,,5,0,,,,,,,
https://fbref.com/en/matches/a87f3bf5/Oviedo-Real-Sociedad-August-30-2025-La-Liga,Oviedo,Real Sociedad,1,0,0.5,1.0,False,43%,57%,353,438,480,585,1,8,6,18,6,6,0,1,2,2,7,18,1,10,11,24,573,686,14,15,7,4,19,18,44,13,2,1,10,7,12,31,63,52,1.1,0.9,29,0,42,405,15,19,10,0.5,0.5,13,2,22,335,11,17,6
https://fbref.com/en/matches/1484bea8/Stuttgart-Celta-Vigo-September-25-2025-Europa-League,Stuttgart,Celta Vigo,2,1,1.5,0.5,False,59%,41%,548,636,369,449,6,19,1,8,0,1,4,6,2,2,12,13,9,2,27,5,736,574,14,20,6,6,14,11,11,32,2,1,7,9,14,14,52,64,0.5,0.3,13,1,21,318,7,15,3,1.6,1.1,34,4,54,481,31,22,9
https://fbref.com/en/matches/205e01a7/Sevilla-Getafe-August-25-2025-La-Liga,Sevilla,Getafe,1,2,0.5,0.7,False,70%,30%,484,592,153,253,3,12,6,9,4,6,3,3,2,2,10,24,5,3,31,6,711,382,24,16,5,2,22,13,22,34,4,1,1,11,21,24,68,74,0.8,0.4,15,4,22,150,7,20,8,0.5,0.5,24,0,53,470,24,17,5
https://fbref.com/en/matches/37a9c994/Celta-Vigo-Espanyol-November-30-2025-La-Liga,Celta Vigo,Espanyol,0,1,0.6,0.4,False,60%,40%,505,596,311,402,4,11,2,9,1,2,4,4,1,1,12,15,4,3,17,16,696,507,10,16,9,12,14,11,25,22,1,3,5,6,21,24,62,65,0.4,0.3,14,2,23,261,15,16,7,0.6,0.4,18,0,49,447,22,14,5
https://fbref.com/en/matches/615a800e/Sevilla-Osasuna-November-8-2025-La-Liga,Sevilla,Osasuna,1,0,1.4,1.0,False,48%,52%,278,370,308,403,3,9,3,9,3,3,3,3,5,5,21,13,5,6,14,17,502,509,24,19,5,8,16,11,27,24,6,0,5,5,23,22,74,53,1.0,0.8,16,0,40,269,14,20,6,0.9,0.8,17,2,27,261,18,25,8
https://fbref.com/en/matches/456601f1/Dortmund-Athletic-Club-October-1-2025-Champions-League,Dortmund,Athletic Club,4,1,1.1,0.9,False,52%,48%,483,571,428,519,8,13,3,6,2,3,4,8,1,1,14,15,4,0,12,15,677,627,13,25,15,6,10,12,18,21,3,3,5,5,18,14,71,62,1.0,0.3,10,2,24,416,13,14,6,1.2,1.0,24,7,38,336,16,21,9
https://fbref.com/en/matches/1eaf82e9/Inter-de-Valdemoro-Getafe-October-28-2025-Copa-del-Rey,Inter de Valdemoro,Getafe,0,11,0.15000000000000002,5.8,True,29%,71%,,,,,0,3,17,31,6,17,0,0,0,0,5,19,3,7,,,,,,,,,,,,,2,1,,,,,,,,0,,,,,,,,,0,,,,,,,
https://fbref.com/en/matches/163add56/Tottenham-Hotspur-Villarreal-September-16-2025-Champions-League,Tottenham Hotspur,Villarreal,1,0,0.5,0.5,False,58%,42%,436,529,295,380,1,9,0,10,0,0,1,1,4,4,14,13,3,3,14,10,629,491,18,13,5,14,18,7,21,32,1,1,6,14,20,14,72,52,0.5,0.3,17,0,31,259,15,20,6,0.5,0.4,14,0,36,296,19,22,12
https://fbref.com/en/matches/522fce4d/Osasuna-Getafe-October-3-2025-La-Liga,Osasuna,Getafe,2,1,0.4,0.9,False,57%,43%,354,496,254,373,3,7,2,6,1,2,1,3,1,1,11,14,1,6,16,22,589,498,10,16,1,9,25,14,34,36,3,6,5,8,32,26,74,91,0.9,0.9,11,2,27,181,12,11,5,0.4,0.4,13,3,27,312,7,17,9
https://fbref.com/en/matches/ec3d95c4/Rayo-Vallecano-KF-Drita-December-18-2025-Conference-League,Rayo Vallecano,KF Drita,3,0,0.8,0.4,False,74%,26%,629,710,171,254,5,17,2,8,2,2,2,5,1,1,9,11,3,4,21,10,817,380,18,19,7,7,14,10,16,26,0,0,4,16,26,27,51,52,0.4,0.3,12,0,21,170,9,10,3,0.9,0.5,30,5,64,521,22,14,7
https://fbref.com/en/matches/7ac36542/Athletic-Club-Alaves-September-13-2025-La-Liga,Athletic Club,Alavés,0,1,1.1,0.1,False,58%,42%,406,528,268,385,3,12,2,4,2,2,3,3,4,4,17,21,6,6,35,10,674,524,20,20,10,12,16,26,18,42,2,1,1,12,25,20,59,68,0.1,0.0,7,0,5,213,9,27,10,1.1,1.0,21,0,44,313,18,23,10
https://fbref.com/en/matches/42d8e507/Celta-Vigo-Bologna-December-11-2025-Europa-League,Celta Vigo,Bologna,1,2,0.3,2.2,False,50%,50%,400,489,406,494,1,3,3,14,2,3,0,1,3,3,12,15,0,5,3,19,581,587,17,15,0,12,6,13,25,14,0,1,14,3,18,22,64,81,1.4,1.0,24,3,45,345,16,16,6,0.3,0.3,5,2,18,360,5,8,1
https://fbref.com/en/matches/8fa157cf/Atletico-Madrid-Union-SG-November-4-2025-Champions-League,Atlético Madrid,Union SG,3,1,2.3,1.1,False,66%,34%,598,689,276,357,6,14,3,8,2,3,3,6,1,1,10,13,9,1,23,14,777,476,13,26,7,7,18,14,13,26,1,1,9,4,11,16,57,56,1.1,1.1,15,2,20,221,12,18,11,2.4,1.1,23,4,47,588,12,21,8
https://fbref.com/en/matches/d748045b/Valencia-Athletic-Club-September-20-2025-La-Liga,Valencia,Athletic Club,2,0,1.8,0.5,False,44%,56%,324,418,428,534,5,13,5,11,5,5,3,5,1,1,13,6,5,6,16,24,546,645,20,14,16,8,11,13,27,17,0,1,6,7,17,17,57,73,0.5,0.3,18,0,48,345,16,15,3,1.9,1.7,23,4,31,293,20,19,9
https://fbref.com/en/matches/ca407f77/Atletico-Baleares-Espanyol-December-4-2025-Copa-del-Rey,Atlético Baleares,Espanyol,1,0,0.45,1.25,True,37%,63%,,,,,1,4,2,15,2,2,0,1,1,1,12,16,0,10,11,35,,,,,6,4,,,,,1,1,,,,,,,4,0,,,,,,,,6,0,,,,,,,
https://fbref.com/en/matches/a267efba/Osasuna-Alaves-December-20-2025-La-Liga,Osasuna,Alavés,3,0,2.0,0.8,False,47%,53%,310,425,366,475,6,15,3,7,3,3,4,6,2,2,16,11,9,0,26,15,543,604,20,18,3,6,24,12,20,39,1,2,8,12,20,16,62,73,0.8,0.6,14,0,23,242,14,17,4,1.2,0.4,28,5,36,296,12,16,6
https://fbref.com/en/matches/5fd9bc05/Getafe-Girona-October-31-2025-La-Liga,Getafe,Girona,2,1,0.9,1.4,False,43%,57%,198,318,319,426,4,12,3,7,3,3,2,4,1,1,17,15,8,3,29,6,450,569,19,17,9,9,24,22,17,50,3,0,5,8,38,14,72,57,0.7,0.5,15,2,23,255,12,22,13,0.9,0.6,20,4,25,170,11,16,7
https://fbref.com/en/matches/a11ac76d/Alaves-Valencia-October-20-2025-La-Liga,Alavés,Valencia,0,0,0.7,0.4,False,63%,37%,461,563,229,332,3,13,2,5,2,2,3,3,1,1,13,20,7,0,18,5,665,438,10,18,11,4,20,20,10,36,3,0,4,11,27,15,58,74,0.4,0.4,10,0,24,164,9,7,4,0.7,0.7,25,0,44,400,17,18,7
https://fbref.com/en/matches/a9b7c284/Girona-Alaves-November-8-2025-La-Liga,Girona,Alavés,1,0,0.9,1.8,False,52%,48%,466,549,420,513,2,10,5,14,5,5,1,2,0,0,9,15,6,1,21,21,671,624,21,16,11,6,14,14,17,26,1,3,6,8,15,20,64,50,1.8,1.7,25,0,31,371,21,14,3,0.9,0.4,16,2,41,441,22,20,10
https://fbref.com/en/matches/47e1baed/Levante-Athletic-Club-November-29-2025-La-Liga,Levante,Athletic Club,0,2,1.3,2.9,False,56%,44%,347,464,255,366,4,11,3,14,1,3,4,4,3,3,11,19,4,2,19,19,595,514,17,24,14,11,19,9,25,34,4,2,9,9,22,24,75,71,2.9,2.8,26,4,34,267,17,21,6,1.3,1.1,20,0,19,311,7,18,5
https://fbref.com/en/matches/24f37536/Elche-Girona-December-7-2025-La-Liga,Elche,Girona,3,0,2.0,0.9,False,57%,43%,513,579,366,439,6,11,4,8,4,4,3,6,0,0,18,13,2,2,13,9,667,512,24,11,8,3,4,5,12,15,2,1,4,6,13,24,55,59,0.9,0.9,12,0,24,343,13,20,7,2.0,0.9,20,4,39,425,18,6,4
https://fbref.com/en/matches/c5f7a165/CD-Getxo-Alaves-October-30-2025-Copa-del-Rey,CD Getxo,Alavés,0,7,0.95,4.45,True,30%,70%,,,,,2,9,13,24,6,13,2,2,1,1,14,10,4,5,14,29,,,,,14,10,,,,,0,5,,,,,,,10,0,,,,,,,,14,0,,,,,,,
https://fbref.com/en/matches/46499bd3/CD-Extremadura-Sevilla-December-4-2025-Copa-del-Rey,CD Extremadura,Sevilla,1,2,1.5,2.1999999999999997,True,35%,65%,,,,,4,10,6,14,4,6,3,4,1,1,7,20,4,5,18,10,,,,,11,10,,,,,0,1,,,,,,,10,0,,,,,,,,11,0,,,,,,,
https://fbref.com/en/matches/2e731a54/Real-Betis-Barcelona-December-6-2025-La-Liga,Real Betis,Barcelona,3,5,2.4,2.8,False,39%,61%,294,389,530,604,4,16,7,15,3,7,2,4,4,4,14,9,7,7,16,11,496,737,23,17,12,2,6,10,19,30,6,1,4,7,22,8,55,36,2.0,1.8,30,9,37,465,18,24,9,1.7,1.5,31,4,49,275,18,8,1
https://fbref.com/en/matches/16d1156b/Celta-Vigo-Getafe-August-17-2025-La-Liga,Celta Vigo,Getafe,0,2,0.7,1.4,False,69%,31%,530,620,201,280,3,11,3,10,1,3,3,3,3,3,15,17,9,3,22,8,726,409,23,21,2,10,9,7,25,26,2,0,5,11,22,14,60,74,1.4,1.4,20,4,22,146,6,28,11,0.7,0.6,21,0,60,391,26,17,4
https://fbref.com/en/matches/43519521/Celta-Vigo-Girona-September-14-2025-La-Liga,Celta Vigo,Girona,1,1,2.5,0.6,False,59%,41%,596,686,383,467,6,20,8,13,7,8,6,6,0,0,7,9,10,3,27,4,787,584,15,16,8,17,12,9,12,24,0,3,4,16,19,14,55,57,0.6,0.4,22,1,29,376,25,18,10,1.7,1.4,34,2,71,397,23,9,4
https://fbref.com/en/matches/2cb774e5/Villarreal-Real-Betis-October-18-2025-La-Liga,Villarreal,Real Betis,2,2,0.7,1.2,False,40%,60%,318,408,517,610,3,7,3,16,1,3,1,3,1,1,13,10,5,6,12,28,524,716,11,12,5,9,13,9,29,25,3,1,13,9,17,14,56,60,1.2,0.9,30,4,57,453,22,10,3,0.7,0.7,14,4,26,289,27,10,4
https://fbref.com/en/matches/717ca22c/Elche-Real-Betis-August-18-2025-La-Liga,Elche,Real Betis,1,1,0.6,1.9,False,68%,32%,639,726,276,345,2,6,4,12,3,4,1,2,0,0,14,13,1,3,20,9,809,453,13,18,6,7,8,10,15,36,4,0,5,7,14,10,54,46,1.9,1.8,21,2,20,238,12,12,6,0.6,0.6,10,2,53,511,19,13,8
https://fbref.com/en/matches/9b780361/Mallorca-Atletico-Madrid-September-21-2025-La-Liga,Mallorca,Atlético Madrid,1,1,0.6,2.2,False,42%,58%,353,438,509,599,3,8,6,11,5,6,2,3,0,0,14,6,3,6,22,22,549,696,13,10,11,8,20,12,32,24,0,1,10,6,14,24,58,60,1.5,1.1,22,1,51,448,21,15,7,0.7,0.6,13,1,43,334,12,12,8
https://fbref.com/en/matches/a84e557e/Atletico-Madrid-Villarreal-September-13-2025-La-Liga,Atlético Madrid,Villarreal,2,0,1.0,1.0,False,60%,40%,578,657,363,433,3,8,1,8,1,1,1,3,2,2,12,15,8,3,17,18,747,536,11,12,5,9,10,11,18,17,1,0,10,5,13,15,64,52,1.0,0.4,13,0,37,319,14,22,7,1.0,1.0,14,3,44,456,9,21,5
https://fbref.com/en/matches/35cfade6/Alaves-Elche-October-5-2025-La-Liga,Alavés,Elche,3,1,2.2,0.4,False,47%,53%,351,445,421,496,4,24,3,6,2,3,2,4,3,3,13,9,14,4,31,10,572,640,20,18,12,8,8,13,15,49,2,1,0,10,15,19,48,52,0.4,0.4,10,2,24,318,12,17,11,1.6,1.1,40,4,35,339,15,16,8
https://fbref.com/en/matches/1fc3309b/Real-Sociedad-Espanyol-August-24-2025-La-Liga,Real Sociedad,Espanyol,2,2,1.1,1.8,False,62%,38%,455,543,235,338,7,15,2,13,1,2,5,7,2,2,16,18,5,2,24,8,674,460,16,21,5,6,24,10,26,20,1,1,9,10,19,21,58,65,1.0,0.9,24,4,28,249,14,19,10,1.1,0.9,29,4,49,427,26,18,3
https://fbref.com/en/matches/10bb42b3/PSV-Eindhoven-Atletico-Madrid-December-9-2025-Champions-League,PSV Eindhoven,Atlético Madrid,2,3,2.7,2.2,False,52%,48%,425,528,391,486,3,13,9,15,6,9,1,3,4,4,11,15,9,5,25,15,656,624,21,21,7,10,7,17,23,33,2,3,8,8,8,18,59,71,2.2,1.8,26,5,34,316,13,22,11,2.7,2.6,22,4,41,356,20,19,8
https://fbref.com/en/matches/07058ac6/Celta-Vigo-Atletico-Madrid-October-5-2025-La-Liga,Celta Vigo,Atlético Madrid,1,1,1.9,0.4,False,60%,40%,690,775,448,522,4,18,1,6,1,1,3,4,1,1,7,10,6,3,22,8,884,635,18,14,7,11,4,13,16,28,2,0,5,14,24,11,48,55,0.4,0.4,12,0,28,394,16,13,4,2.1,1.4,32,1,73,595,26,17,5
https://fbref.com/en/matches/107980d3/Girona-Atletico-Madrid-December-21-2025-La-Liga,Girona,Atlético Madrid,0,3,1.1,0.9,False,51%,49%,497,560,468,539,2,9,6,14,3,6,2,2,2,2,7,14,3,4,14,15,662,634,17,21,11,5,5,8,24,17,4,3,6,6,13,10,60,53,0.9,0.8,26,6,39,331,29,12,4,1.1,0.8,15,0,35,435,23,23,8
https://fbref.com/en/matches/65ee8953/Barcelona-Real-Sociedad-September-28-2025-La-Liga,Barcelona,Real Sociedad,2,1,2.2,1.0,False,74%,26%,716,797,212,282,9,22,2,7,1,2,7,9,1,1,6,12,12,1,22,9,905,403,12,25,2,3,15,3,15,41,3,5,4,11,24,14,50,55,1.0,1.0,12,2,21,225,9,11,7,2.2,1.5,41,4,57,608,29,37,20
https://fbref.com/en/matches/c3953d4e/Girona-Espanyol-September-26-2025-La-Liga,Girona,Espanyol,0,0,1.0,1.1,False,59%,41%,483,569,313,390,3,12,5,20,5,5,3,3,0,0,9,11,8,4,22,20,675,515,6,20,8,11,13,13,24,28,1,1,10,4,17,21,49,58,1.1,0.9,33,0,35,260,11,7,4,1.0,0.4,20,0,47,462,24,23,14
https://fbref.com/en/matches/75a226ed/Torrent-CF-Real-Betis-December-3-2025-Copa-del-Rey,Torrent CF,Real Betis,1,4,0.75,3.3499999999999996,True,38%,62%,,,,,2,5,9,22,5,9,1,2,3,3,20,14,1,7,5,27,,,,,11,2,,,,,0,1,,,,,,,2,0,,,,,,,,11,0,,,,,,,
https://fbref.com/en/matches/7c8c63b7/Athletic-Club-Oviedo-November-9-2025-La-Liga,Athletic Club,Oviedo,1,0,1.7,0.2,False,48%,52%,384,468,414,517,7,21,2,4,2,2,6,7,1,1,12,8,7,4,23,14,596,629,15,15,8,11,18,13,27,34,0,4,6,17,23,25,45,75,0.2,0.2,8,0,24,361,9,15,10,1.7,1.4,32,2,46,359,14,19,12
https://fbref.com/en/matches/25b8b8de/Yuncos-Rayo-Vallecano-October-29-2025-Copa-del-Rey,Yuncos,Rayo Vallecano,1,6,1.0999999999999999,3.0,True,22%,79%,,,,,3,7,8,20,2,8,2,3,1,1,9,9,1,5,,,,,,,,,,,,,1,3,,,,,,,,0,,,,,,,,,0,,,,,,,
https://fbref.com/en/matches/e7093b62/CE-Constancia-Girona-October-28-2025-Copa-del-Rey,CE Constància,Girona,2,3,1.45,2.2,True,26%,74%,,,,,4,9,4,24,2,4,2,4,4,4,15,23,3,12,,,,,,,,,,,,,1,7,,,,,,,,0,,,,,,,,,0,,,,,,,
https://fbref.com/en/matches/3af93275/Barcelona-Elche-November-2-2025-La-Liga,Barcelona,Elche,3,1,1.9,0.7,False,49%,51%,370,457,386,469,5,17,3,9,2,3,2,5,0,0,12,16,6,3,10,12,549,571,17,16,12,17,11,5,8,13,5,5,6,7,19,14,65,66,0.7,0.7,17,2,40,299,15,24,12,1.9,1.7,29,5,28,313,21,18,8
https://fbref.com/en/matches/e56ae673/Osasuna-Levante-December-8-2025-La-Liga,Osasuna,Levante,2,0,1.0,0.5,False,41%,59%,289,408,474,583,6,14,4,11,4,4,4,6,2,2,15,7,3,3,16,18,534,714,17,9,10,9,22,17,26,32,0,1,10,3,20,22,78,77,0.5,0.4,16,0,37,448,14,16,9,1.1,0.8,24,4,26,292,15,19,11
https://fbref.com/en/matches/5112907a/Atletic-Lleida-Espanyol-October-30-2025-Copa-del-Rey,Atlètic Lleida,Espanyol,1,2,1.0999999999999999,1.2999999999999998,True,42%,58%,,,,,3,7,3,11,1,3,2,3,3,3,20,15,3,8,14,21,,,,,12,14,,,,,1,5,,,,,,,14,0,,,,,,,,12,0,,,,,,,
https://fbref.com/en/matches/7e000b67/Elche-Rayo-Vallecano-December-21-2025-La-Liga,Elche,Rayo Vallecano,4,0,2.5,0.9,False,46%,54%,294,378,344,436,6,18,8,18,8,8,2,6,3,3,15,11,4,5,14,16,487,534,12,15,6,8,14,10,22,16,1,4,8,7,17,14,74,66,1.0,0.9,34,0,31,310,13,7,4,2.5,2.2,32,8,35,216,13,23,11
https://fbref.com/en/matches/61231d2f/Mallorca-Alaves-September-27-2025-La-Liga,Mallorca,Alavés,1,0,0.7,0.8,False,39%,61%,269,362,464,564,2,12,3,12,3,3,1,2,2,2,14,18,4,8,15,28,495,688,21,27,5,4,19,18,35,27,0,2,8,7,20,15,71,65,0.8,0.7,23,0,55,335,21,9,2,0.7,0.3,19,2,26,243,10,27,13
https://fbref.com/en/matches/5b403787/Celta-Vigo-Villarreal-August-31-2025-La-Liga,Celta Vigo,Villarreal,1,1,1.0,1.0,False,64%,36%,680,777,342,431,2,10,3,8,2,3,1,2,1,1,11,8,1,5,12,12,883,560,19,28,7,13,2,6,14,22,0,0,8,11,17,23,58,56,1.0,1.0,15,2,31,309,10,13,1,1.0,0.8,17,2,74,521,25,30,9
https://fbref.com/en/matches/36bcaf17/Villarreal-Getafe-December-6-2025-La-Liga,Villarreal,Getafe,2,0,0.6,0.3,False,62%,38%,437,551,226,335,5,10,0,6,0,0,3,5,2,2,19,15,5,3,19,11,681,462,18,18,8,13,22,20,24,28,6,0,3,5,30,10,73,87,0.3,0.2,9,0,19,210,8,17,4,0.6,0.4,17,2,41,415,23,25,10
https://fbref.com/en/matches/7cd52946/Mallorca-Elche-December-13-2025-La-Liga,Mallorca,Elche,3,1,2.4,0.3,False,43%,57%,361,427,494,558,8,15,0,9,0,0,5,8,3,3,13,13,1,1,13,6,509,656,10,21,6,4,9,12,9,24,1,0,6,7,20,6,44,40,0.3,0.2,18,0,54,323,24,19,13,2.4,2.4,28,5,32,317,26,20,8
https://fbref.com/en/matches/7e7ebd82/Rayo-Vallecano-Lech-Poznan-November-6-2025-Conference-League,Rayo Vallecano,Lech Poznań,3,2,3.4,0.4,False,65%,35%,540,650,265,354,6,29,3,9,1,3,3,6,4,4,8,1,7,6,41,13,776,508,18,15,10,13,8,8,17,47,0,2,5,15,28,17,88,54,0.4,0.3,14,4,19,263,13,15,4,3.7,2.7,48,6,88,389,20,14,7
https://fbref.com/en/matches/5524deb2/Villarreal-Rayo-Vallecano-November-1-2025-La-Liga,Villarreal,Rayo Vallecano,4,0,2.9,1.0,False,48%,52%,387,450,411,491,7,16,3,13,3,3,3,7,1,1,7,11,3,5,6,19,551,586,10,17,10,7,3,2,28,11,1,0,9,8,16,11,42,56,1.0,0.9,25,0,53,305,19,16,9,3.2,2.5,28,5,31,286,26,26,17
https://fbref.com/en/matches/a54a3fcb/Real-Betis-Osasuna-September-28-2025-La-Liga,Real Betis,Osasuna,2,0,0.8,0.7,False,50%,50%,449,550,444,542,6,12,1,12,1,1,4,6,0,0,6,7,5,5,16,25,664,655,13,12,4,12,16,15,38,27,2,2,10,6,11,16,67,59,0.7,0.6,24,0,40,471,14,19,12,0.8,0.7,19,3,40,371,15,9,5
https://fbref.com/en/matches/f9d04c1d/Osasuna-Elche-September-25-2025-La-Liga,Osasuna,Elche,1,1,0.9,0.8,False,40%,60%,313,414,525,623,2,9,4,12,3,4,1,2,2,2,19,13,2,3,17,12,539,744,21,15,7,7,26,10,25,25,0,0,5,5,19,20,83,71,0.8,0.5,17,0,33,412,18,28,12,0.9,0.7,15,2,19,210,13,16,4
https://fbref.com/en/matches/bc7f38be/Deportivo-La-Coruna-Mallorca-December-16-2025-Copa-del-Rey,Deportivo La Coruña,Mallorca,1,0,1.25,1.5499999999999998,True,43%,57%,,,,,3,10,3,16,3,3,2,3,1,1,8,6,2,4,7,20,,,,,12,6,,,,,0,1,,,,,,,6,0,,,,,,,,12,0,,,,,,,
https://fbref.com/en/matches/f38a8a8a/Levante-Rayo-Vallecano-October-19-2025-La-Liga,Levante,Rayo Vallecano,0,3,0.9,1.5,False,54%,46%,366,476,320,399,4,17,4,10,1,4,4,4,0,0,6,18,11,4,30,12,589,568,16,27,6,9,9,5,13,60,1,0,5,7,26,16,56,53,1.6,1.3,20,6,18,278,7,12,4,0.9,0.6,27,0,50,258,13,28,12
https://fbref.com/en/matches/99926e5a/Girona-Levante-September-20-2025-La-Liga,Girona,Levante,0,4,0.5,2.9,False,35%,65%,270,330,550,609,1,7,6,14,2,6,1,1,6,6,11,17,5,4,16,15,416,698,16,15,8,1,2,8,22,17,0,1,4,5,15,16,52,48,2.9,2.2,27,8,38,484,12,15,7,0.5,0.4,14,0,25,261,13,13,5
https://fbref.com/en/matches/20adddf1/Espanyol-Villarreal-November-8-2025-La-Liga,Espanyol,Villarreal,0,2,0.5,1.6,False,55%,45%,529,631,439,517,3,14,3,9,1,3,3,3,0,0,9,9,4,2,40,8,739,646,13,18,9,6,12,15,19,44,2,3,6,4,21,11,53,56,1.6,1.0,15,3,34,430,15,19,11,0.5,0.4,28,0,68,457,22,19,7
https://fbref.com/en/matches/95dd2723/Athletic-Club-Paris-Saint-Germain-December-10-2025-Champions-League,Athletic Club,Paris Saint-Germain,0,0,0.5,2.2,False,28%,72%,198,285,627,727,1,9,4,18,4,4,1,1,3,3,21,4,4,6,17,12,411,841,24,19,9,4,11,14,23,23,1,1,10,5,15,20,53,66,2.2,1.4,34,0,38,573,18,24,7,0.5,0.4,17,0,43,203,8,23,11
https://fbref.com/en/matches/14263a46/Ourense-CF-Girona-December-3-2025-Copa-del-Rey,Ourense CF,Girona,2,1,2.15,2.2,True,38%,63%,,,,,6,13,5,19,3,5,4,6,1,1,15,14,1,5,9,10,,,,,12,8,,,,,2,1,,,,,,,8,0,,,,,,,,12,0,,,,,,,
https://fbref.com/en/matches/8a811174/Valencia-Villarreal-October-25-2025-La-Liga,Valencia,Villarreal,0,2,0.8,2.2,False,57%,43%,488,586,378,449,3,15,4,11,3,4,3,3,2,2,13,14,7,5,24,11,690,586,23,12,8,12,6,4,15,33,2,3,6,4,17,14,53,41,1.4,0.9,22,3,34,391,16,24,5,0.8,0.2,25,0,58,392,24,20,10
https://fbref.com/en/matches/cb91c0c1/Mallorca-Celta-Vigo-August-23-2025-La-Liga,Mallorca,Celta Vigo,1,1,0.7,0.7,False,50%,50%,394,472,403,480,4,12,2,8,1,2,3,4,3,3,12,12,3,4,21,11,557,566,9,11,3,7,5,8,10,28,1,1,6,9,16,16,61,59,0.7,0.7,16,2,31,306,9,11,5,0.7,0.5,20,2,35,342,11,12,5
https://fbref.com/en/matches/471bd6a0/Jagiellonia-Rayo-Vallecano-December-11-2025-Conference-League,Jagiellonia,Rayo Vallecano,1,2,0.9,1.1,False,52%,48%,321,421,306,396,2,12,3,11,1,3,1,2,2,2,18,22,2,8,11,19,522,517,8,16,12,13,14,7,24,28,2,2,9,8,23,9,57,66,1.1,0.9,18,4,30,264,13,12,6,0.9,0.6,22,2,30,274,19,18,7
https://fbref.com/en/matches/633d3171/Pafos-FC-Villarreal-November-5-2025-Champions-League,Pafos FC,Villarreal,1,0,0.7,1.8,False,41%,59%,313,412,499,589,2,5,5,18,5,5,1,2,1,1,12,13,2,3,10,24,533,703,17,16,7,12,12,15,43,13,1,1,12,4,18,17,78,59,1.8,1.6,34,0,75,433,28,25,12,0.7,0.7,10,2,19,208,9,12,5
https://fbref.com/en/matches/d305cd4d/Real-Betis-Athletic-Club-August-31-2025-La-Liga,Real Betis,Athletic Club,1,2,0.6,1.1,False,50%,50%,397,491,400,487,2,9,6,15,5,6,1,2,1,1,9,16,4,10,11,20,615,611,25,15,12,11,15,8,21,17,3,2,6,7,18,22,58,52,1.1,0.7,23,2,34,318,20,24,11,0.6,0.5,17,2,26,376,15,21,10
https://fbref.com/en/matches/568fef5b/Villarreal-Juventus-October-1-2025-Champions-League,Villarreal,Juventus,2,2,1.7,1.4,False,46%,54%,326,418,411,495,6,17,4,13,2,4,4,6,1,1,7,19,4,3,12,17,527,616,23,21,6,10,10,15,21,19,1,1,11,9,29,10,65,57,1.4,0.3,21,3,53,308,16,23,7,1.7,1.7,33,4,24,308,15,17,6
https://fbref.com/en/matches/fa8efe81/Oviedo-Barcelona-September-25-2025-La-Liga,Oviedo,Barcelona,1,3,1.0,2.0,False,22%,78%,149,234,749,834,3,7,10,22,7,10,2,3,1,1,10,6,6,9,9,16,362,954,21,18,4,6,14,13,35,15,7,1,5,2,19,24,58,40,2.2,1.1,39,4,88,497,23,21,8,1.0,0.6,9,0,13,129,11,12,5
https://fbref.com/en/matches/d8457042/Celta-Vigo-Real-Betis-August-27-2025-La-Liga,Celta Vigo,Real Betis,1,1,0.8,0.3,False,47%,53%,464,541,535,602,5,14,1,7,0,1,4,5,1,1,13,11,10,4,20,12,633,711,17,15,7,4,4,8,25,35,5,2,5,6,14,16,42,61,0.3,0.3,14,2,39,382,13,17,4,0.8,0.7,24,1,51,354,24,15,6
https://fbref.com/en/matches/8ba16a61/Athletic-Club-Getafe-October-25-2025-La-Liga,Athletic Club,Getafe,0,1,0.4,0.9,False,56%,44%,368,487,234,390,4,7,3,8,2,3,4,4,2,2,15,14,1,5,12,27,651,518,13,23,5,5,27,19,54,29,3,4,3,5,30,36,87,95,1.0,0.0,10,1,29,150,5,18,6,0.4,0.3,13,0,31,229,15,22,11
https://fbref.com/en/matches/61837aac/Real-Betis-Utrecht-November-27-2025-Europa-League,Real Betis,Utrecht,2,1,1.9,0.8,False,64%,36%,548,635,262,359,6,18,3,6,2,3,4,6,1,1,12,11,3,3,8,14,756,476,14,14,4,8,19,14,21,20,1,2,5,7,17,19,43,56,0.8,0.3,9,1,20,235,11,16,9,1.9,1.9,32,3,39,507,18,15,7
https://fbref.com/en/matches/f12eb85f/Real-Betis-Mallorca-November-2-2025-La-Liga,Real Betis,Mallorca,3,0,2.4,0.6,False,52%,48%,500,580,445,536,8,15,1,14,1,1,5,8,0,0,9,8,4,5,7,28,713,652,22,16,8,8,7,13,32,23,1,4,12,3,15,20,53,56,0.6,0.5,26,0,48,391,14,30,15,2.4,2.2,29,6,40,433,19,13,6
https://fbref.com/en/matches/d3430184/Slovan-Bratislava-Rayo-Vallecano-November-27-2025-Conference-League,Slovan Bratislava,Rayo Vallecano,2,1,1.1,1.8,False,49%,51%,318,421,337,432,3,9,6,23,5,6,1,3,5,5,13,17,10,5,19,29,538,554,8,15,8,14,13,10,32,26,2,2,8,8,22,17,62,66,2.0,1.6,40,2,46,241,16,12,7,1.1,1.0,16,4,42,251,19,13,6
https://fbref.com/en/matches/38c8e28a/Rayo-Vallecano-Barcelona-August-31-2025-La-Liga,Rayo Vallecano,Barcelona,1,1,1.8,1.8,False,44%,56%,272,383,393,485,6,12,2,11,2,2,5,6,4,4,16,8,9,4,18,8,479,623,17,18,8,8,6,16,12,26,7,2,11,5,18,15,87,39,1.0,0.5,21,2,36,331,22,24,11,1.9,1.6,19,2,28,202,14,14,6
https://fbref.com/en/matches/a0548327/Athletic-Club-Mallorca-October-4-2025-La-Liga,Athletic Club,Mallorca,2,1,2.0,0.4,False,52%,48%,403,493,370,463,4,17,2,6,1,2,3,4,4,4,16,13,7,2,29,18,601,595,8,18,4,8,14,14,21,39,0,5,5,7,21,18,73,70,0.4,0.4,12,2,18,264,16,13,8,1.3,0.7,33,3,40,292,18,26,8
https://fbref.com/en/matches/f5d1da3f/Racing-Santander-Villarreal-December-17-2025-Copa-del-Rey,Racing Santander,Villarreal,2,1,1.75,2.35,True,33%,67%,,,,,5,10,5,22,5,5,3,5,3,3,9,11,1,11,1,41,,,,,12,7,,,,,0,5,,,,,,,7,0,,,,,,,,12,0,,,,,,,
https://fbref.com/en/matches/b1b5ef9e/Real-Murcia-Real-Betis-December-18-2025-Copa-del-Rey,Real Murcia,Real Betis,0,2,1.9,2.15,True,41%,59%,,,,,5,13,5,18,4,5,5,5,0,0,9,11,5,6,15,19,,,,,8,6,,,,,1,1,,,,,,,6,0,,,,,,,,8,1,,,,,,,
https://fbref.com/en/matches/17e29d35/Quintanar-del-Rey-Elche-December-3-2025-Copa-del-Rey,Quintanar del Rey,Elche,1,2,1.25,1.6,True,25%,75%,,,,,3,10,4,12,2,4,2,3,4,4,15,9,0,4,12,18,,,,,15,9,,,,,3,4,,,,,,,9,0,,,,,,,,15,0,,,,,,,
https://fbref.com/en/matches/bbf0b969/Getafe-Atletico-Madrid-November-23-2025-La-Liga,Getafe,Atlético Madrid,0,1,0.6,1.0,False,42%,58%,240,362,391,503,1,9,6,13,6,6,1,1,2,2,9,17,6,7,32,23,483,615,10,17,7,6,23,21,29,34,2,5,5,8,28,25,83,72,1.0,0.9,24,0,40,331,18,20,13,0.6,0.3,15,0,30,189,7,15,4
https://fbref.com/en/matches/21bf8adb/CA-Antoniano-Villarreal-December-3-2025-Copa-del-Rey,CA Antoniano,Villarreal,1,1,1.1,5.05,True,26%,75%,,,,,2,12,12,41,10,12,1,2,1,1,18,13,4,18,15,49,,,,,12,7,,,,,2,2,,,,,,,7,0,,,,,,,,12,0,,,,,,,
https://fbref.com/en/matches/78cc3134/Real-Sociedad-Athletic-Club-November-1-2025-La-Liga,Real Sociedad,Athletic Club,3,2,1.6,1.0,False,51%,49%,302,417,301,399,5,9,4,11,2,4,2,5,2,2,20,8,6,2,16,14,530,522,20,20,5,4,22,24,27,32,3,1,10,5,32,26,74,65,1.1,0.5,19,3,31,245,4,10,4,1.6,1.1,15,5,17,314,7,20,6
https://fbref.com/en/matches/69831ee1/Villarreal-Athletic-Club-September-27-2025-La-Liga,Villarreal,Athletic Club,1,0,1.2,1.3,False,43%,57%,328,423,469,568,5,14,4,16,4,4,4,5,2,2,13,11,6,5,19,30,550,676,23,12,7,6,11,8,33,24,7,0,4,9,17,25,55,63,1.5,1.1,23,0,56,395,13,17,4,1.2,0.9,22,1,24,331,17,13,7
https://fbref.com/en/matches/1b1ae5a7/Elche-Levante-August-29-2025-La-Liga,Elche,Levante,2,0,1.1,0.7,False,67%,33%,527,610,237,304,5,16,1,11,1,1,3,5,1,1,14,17,4,2,21,12,697,402,13,13,10,5,10,7,18,25,1,1,8,10,15,12,74,47,0.7,0.6,19,0,29,223,12,9,2,1.1,1.1,29,2,47,340,19,11,6
https://fbref.com/en/matches/16153495/Atletico-Madrid-Rayo-Vallecano-September-24-2025-La-Liga,Atlético Madrid,Rayo Vallecano,3,2,3.5,1.6,False,61%,39%,543,633,322,412,8,20,3,9,1,3,5,8,3,3,6,12,8,6,24,17,738,524,12,21,12,7,10,5,14,20,3,2,9,11,22,21,52,71,1.6,1.2,13,4,34,210,6,15,8,3.7,3.2,38,5,46,536,26,24,10
https://fbref.com/en/matches/108224dc/Valencia-Levante-November-21-2025-La-Liga,Valencia,Levante,1,0,1.5,0.7,False,59%,41%,485,584,309,399,3,14,0,7,0,0,2,3,4,4,16,15,7,0,30,9,694,522,17,14,12,8,12,17,18,37,2,0,6,7,21,14,73,55,0.7,0.4,12,0,21,325,12,16,5,1.5,0.9,25,2,50,364,12,15,7
https://fbref.com/en/matches/8a4ce714/Ludogorets-Razgrad-Celta-Vigo-November-27-2025-Europa-League,Ludogorets Razgrad,Celta Vigo,3,2,2.6,2.0,False,43%,57%,383,462,525,608,2,5,7,19,5,7,1,2,2,2,7,16,1,7,1,19,568,698,24,10,8,9,4,6,29,8,3,0,14,2,8,14,48,47,2.0,1.9,34,4,65,491,31,24,10,1.0,0.4,11,6,13,263,11,9,4
https://fbref.com/en/matches/ce227a38/Los-Garres-Elche-October-29-2025-Copa-del-Rey,Los Garres,Elche,0,4,0.8,4.9,True,18%,82%,,,,,2,6,14,28,11,14,2,2,2,2,10,8,1,13,7,18,,,,,9,5,,,,,1,2,,,,,,,5,0,,,,,,,,9,0,,,,,,,
https://fbref.com/en/matches/dd618b82/Barcelona-Osasuna-December-13-2025-La-Liga,Barcelona,Osasuna,2,0,2.4,0.4,False,79%,21%,694,787,122,210,7,24,2,3,2,2,5,7,0,0,5,8,14,1,26,4,887,334,12,14,12,13,6,13,5,47,2,6,2,16,20,12,33,61,0.4,0.3,5,0,7,126,7,11,5,2.4,1.2,41,4,88,517,37,19,9
https://fbref.com/en/matches/6c83e558/Real-Sociedad-Villarreal-November-30-2025-La-Liga,Real Sociedad,Villarreal,2,3,1.0,1.5,False,60%,40%,486,586,295,389,7,18,4,10,1,4,5,7,3,3,15,18,8,2,22,9,714,520,16,23,12,14,11,11,20,37,1,0,6,7,28,17,59,72,1.5,1.5,17,5,34,216,12,14,8,1.0,0.7,27,2,53,453,19,19,6
https://fbref.com/en/matches/da9da8f5/Osasuna-Celta-Vigo-October-26-2025-La-Liga,Osasuna,Celta Vigo,2,3,2.3,1.7,False,61%,39%,501,610,312,391,6,15,5,11,2,5,5,6,3,3,10,13,5,2,26,5,714,530,14,9,5,14,13,14,6,47,0,5,4,11,26,19,68,55,1.7,0.9,20,5,16,294,13,19,8,0.7,0.5,25,4,43,450,18,12,5
https://fbref.com/en/matches/1447fc04/Rayo-Vallecano-Alaves-October-26-2025-La-Liga,Rayo Vallecano,Alavés,1,0,1.2,1.0,False,54%,46%,370,469,289,400,5,15,2,12,2,2,4,5,1,1,13,11,7,5,23,19,621,527,18,27,8,1,13,15,32,26,2,0,11,11,22,19,76,66,1.0,0.6,20,0,30,245,8,17,9,1.2,1.0,27,2,39,355,16,32,9
https://fbref.com/en/matches/3b7a75d0/Villarreal-FC-Copenhagen-December-10-2025-Champions-League,Villarreal,FC Copenhagen,2,3,2.1,1.3,False,52%,48%,384,476,342,443,5,19,4,8,1,4,3,5,3,3,14,15,6,4,27,9,590,548,14,14,12,10,9,18,16,31,3,0,4,15,17,22,74,54,1.4,0.8,14,5,28,234,11,13,6,2.1,1.1,33,2,56,350,23,19,13
https://fbref.com/en/matches/8296afea/Genk-Real-Betis-October-23-2025-Europa-League,Genk,Real Betis,0,0,0.2,0.8,False,44%,56%,390,490,545,624,1,5,3,10,3,3,1,1,1,1,12,12,2,1,21,10,596,740,24,18,8,14,11,12,21,35,3,2,8,8,20,27,46,58,0.8,0.7,15,0,29,492,16,15,5,0.2,0.1,8,0,41,330,16,18,10
https://fbref.com/en/matches/9741ae27/Real-Betis-Girona-November-23-2025-La-Liga,Real Betis,Girona,1,1,1.4,1.8,False,54%,46%,484,585,416,496,7,23,4,11,3,4,6,7,4,4,10,16,8,0,19,8,692,619,17,11,11,14,6,18,15,33,1,4,3,14,19,14,57,52,1.8,1.5,21,2,43,384,32,19,8,1.4,1.1,38,2,55,414,19,18,10
https://fbref.com/en/matches/01a13602/Rayo-Vallecano-Sevilla-September-28-2025-La-Liga,Rayo Vallecano,Sevilla,0,1,1.8,0.5,False,63%,37%,436,549,214,319,6,18,1,4,0,1,6,6,4,4,11,15,12,4,34,10,664,451,14,15,6,8,10,13,21,38,0,1,6,10,25,21,77,76,0.5,0.4,6,2,26,156,14,14,2,1.9,1.1,30,0,52,313,13,19,7
https://fbref.com/en/matches/30e223bd/UE-Sant-Andreu-Celta-Vigo-December-4-2025-Copa-del-Rey,UE Sant Andreu,Celta Vigo,1,1,0.8,2.0,True,43%,57%,,,,,2,6,4,20,3,4,1,2,5,5,14,26,2,9,14,32,,,,,9,14,,,,,0,2,,,,,,,14,0,,,,,,,,9,0,,,,,,,
https://fbref.com/en/matches/4b29d003/Alaves-Real-Sociedad-December-6-2025-La-Liga,Alavés,Real Sociedad,1,0,1.4,1.2,False,38%,62%,276,364,488,588,2,13,1,10,1,1,2,2,2,2,20,16,5,8,21,18,490,708,14,22,11,9,6,15,26,27,1,0,10,13,17,15,57,53,1.2,1.2,19,0,43,422,8,25,12,0.6,0.4,23,0,29,236,13,16,6
https://fbref.com/en/matches/0c24b268/Valencia-Mallorca-December-19-2025-La-Liga,Valencia,Mallorca,1,1,1.3,0.2,False,71%,29%,543,641,187,267,2,17,2,4,1,2,1,2,2,2,10,12,12,3,40,11,742,410,11,15,1,7,16,13,18,46,2,4,2,9,29,14,73,68,0.2,0.2,8,2,16,164,12,12,5,1.3,1.1,28,2,78,402,18,14,9
https://fbref.com/en/matches/64fa5074/Mallorca-Barcelona-August-16-2025-La-Liga,Mallorca,Barcelona,0,3,0.2,2.1,False,30%,70%,173,256,525,599,1,4,8,24,5,8,1,1,6,6,8,17,3,6,9,10,345,703,12,15,5,7,5,12,17,15,2,3,9,4,18,14,66,40,2.1,1.8,46,5,64,373,24,17,8,0.2,0.2,7,0,15,162,1,9,2
https://fbref.com/en/matches/098fddb7/Celta-Vigo-Athletic-Club-December-14-2025-La-Liga,Celta Vigo,Athletic Club,2,0,1.3,1.6,False,50%,50%,441,541,453,544,2,5,1,13,1,1,0,2,3,3,11,13,1,4,3,25,647,646,16,17,6,10,7,8,21,8,2,3,10,3,22,21,81,48,0.8,0.6,21,0,48,448,31,16,5,1.3,1.0,10,4,20,405,11,16,7
https://fbref.com/en/matches/e3e0f00b/Getafe-Elche-November-28-2025-La-Liga,Getafe,Elche,1,0,1.0,0.5,False,35%,65%,205,310,479,573,5,15,4,9,4,4,4,5,2,2,18,11,3,5,20,17,408,677,13,10,4,9,14,14,21,21,2,3,6,8,29,22,58,69,0.5,0.5,16,0,38,333,16,9,6,1.1,0.7,24,1,17,166,10,8,4
https://fbref.com/en/matches/c0381411/Girona-Oviedo-October-25-2025-La-Liga,Girona,Oviedo,3,3,2.0,1.7,False,65%,35%,512,600,249,326,4,6,4,9,2,4,3,4,4,4,13,16,11,4,27,17,687,447,12,20,4,5,16,12,19,46,2,2,4,4,18,11,53,59,1.1,0.8,15,3,21,238,12,13,7,0.5,0.5,15,5,64,461,25,25,14
https://fbref.com/en/matches/b724cfc7/Athletic-Club-Atletico-Madrid-December-6-2025-La-Liga,Athletic Club,Atlético Madrid,1,0,1.1,0.7,False,44%,56%,313,432,426,548,3,14,3,7,3,3,2,3,3,3,9,12,5,6,19,17,556,656,11,15,17,12,18,25,28,26,1,2,8,12,23,29,83,84,0.7,0.7,13,0,32,360,13,22,11,1.1,1.1,24,2,48,301,16,19,9
https://fbref.com/en/matches/ba5552a6/Osasuna-Rayo-Vallecano-September-14-2025-La-Liga,Osasuna,Rayo Vallecano,2,0,1.6,1.1,False,36%,64%,256,341,504,598,6,9,6,19,6,6,4,6,3,3,13,7,3,6,11,32,455,704,9,13,12,11,13,5,33,18,0,1,15,8,18,20,64,79,1.1,1.0,35,0,61,463,36,11,4,1.6,0.9,16,4,28,228,11,9,6
https://fbref.com/en/matches/fa370d27/Club-Portugalete-Alaves-December-2-2025-Copa-del-Rey,Club Portugalete,Alavés,0,3,1.45,1.65,True,40%,60%,,,,,3,14,5,8,3,5,3,3,2,2,16,20,5,3,26,10,,,,,8,8,,,,,1,4,,,,,,,8,0,,,,,,,,8,1,,,,,,,
https://fbref.com/en/matches/bc939aab/Sevilla-Barcelona-October-5-2025-La-Liga,Sevilla,Barcelona,4,1,2.8,2.2,False,40%,60%,226,308,388,463,4,12,8,16,7,8,1,4,7,7,18,9,7,6,14,14,422,569,18,19,8,4,11,10,19,18,10,0,8,6,14,19,67,34,1.5,1.2,31,2,42,304,25,17,9,2.0,1.9,23,8,16,163,15,13,3
https://fbref.com/en/matches/7e562e60/Elche-Real-Sociedad-November-7-2025-La-Liga,Elche,Real Sociedad,1,1,0.9,1.4,False,63%,37%,530,615,273,367,3,12,4,12,4,4,2,3,1,1,14,15,1,3,17,10,740,490,16,18,5,6,18,15,31,23,1,2,8,12,16,16,70,70,0.6,0.5,23,2,29,275,17,16,6,0.9,0.9,24,2,52,386,15,22,10
https://fbref.com/en/matches/6b6d59ba/Ourense-CF-Oviedo-October-28-2025-Copa-del-Rey,Ourense CF,Oviedo,4,2,3.4499999999999997,1.95,True,45%,55%,,,,,9,24,5,14,2,5,5,9,5,5,17,18,8,5,,,,,,,,,,,,,5,2,,,,,,,,0,,,,,,,,,0,,,,,,,
https://fbref.com/en/matches/29e7e630/Barcelona-Alaves-November-29-2025-La-Liga,Barcelona,Alavés,3,1,2.2,1.5,False,68%,32%,644,727,245,339,6,18,2,9,1,2,3,6,2,2,10,17,5,4,10,9,857,456,25,20,5,9,9,7,15,20,0,8,3,9,17,12,41,52,1.7,1.4,15,1,17,179,10,22,10,2.2,2.0,32,6,45,470,21,32,20
https://fbref.com/en/matches/23104cfb/Guadalajara-Barcelona-December-16-2025-Copa-del-Rey,Guadalajara,Barcelona,0,2,0.8,3.3,True,17%,83%,,,,,2,6,9,21,7,9,2,2,3,3,11,9,2,9,6,37,,,,,9,5,,,,,5,2,,,,,,,5,0,,,,,,,,9,0,,,,,,,
https://fbref.com/en/matches/6ca13ea8/Real-Betis-Alaves-August-22-2025-La-Liga,Real Betis,Alavés,1,0,1.9,1.1,False,49%,51%,429,508,423,526,5,16,5,11,5,5,4,5,2,2,10,17,5,2,19,16,634,634,11,23,11,7,18,22,33,27,2,3,8,9,15,19,72,53,1.1,0.9,19,0,36,302,14,15,8,1.9,1.2,27,1,39,364,16,19,8
https://fbref.com/en/matches/4d62f580/Valencia-Real-Betis-November-9-2025-La-Liga,Valencia,Real Betis,1,1,1.8,1.6,False,43%,57%,372,456,511,596,4,17,2,9,1,2,3,4,3,3,13,10,7,2,18,8,571,706,10,11,10,12,6,16,27,23,4,1,6,6,13,19,46,45,1.6,1.6,16,1,45,390,26,12,4,1.9,1.6,30,0,39,278,23,23,13
https://fbref.com/en/matches/6fbf6e83/Mallorca-Osasuna-November-29-2025-La-Liga,Mallorca,Osasuna,2,2,1.5,1.1,False,52%,48%,343,457,297,418,3,6,2,14,0,2,2,3,3,3,10,15,2,8,16,42,592,541,18,15,6,4,21,15,44,38,0,0,10,6,19,20,79,79,1.1,0.7,25,4,44,278,14,17,5,0.7,0.7,14,4,30,321,10,12,3
https://fbref.com/en/matches/1d64f143/Atletic-Sant-Just-Mallorca-October-29-2025-Copa-del-Rey,Atlètic Sant Just,Mallorca,0,2,1.3,4.4,True,25%,76%,,,,,4,6,11,33,9,11,3,4,3,3,9,9,1,10,,,,,,,,,,,,,1,4,,,,,,,,0,,,,,,,,,0,,,,,,,
https://fbref.com/en/matches/53708b73/Newcastle-United-Barcelona-September-18-2025-Champions-League,Newcastle United,Barcelona,1,2,1.2,1.1,False,37%,63%,233,334,490,578,6,10,5,19,3,5,5,6,2,2,11,12,6,4,22,9,444,708,13,18,7,13,13,14,25,30,3,0,11,4,19,20,60,53,1.1,0.8,34,3,41,392,21,16,9,1.2,1.1,16,2,35,165,17,17,7
https://fbref.com/en/matches/b71d49f4/Oviedo-Rayo-Vallecano-November-23-2025-La-Liga,Oviedo,Rayo Vallecano,0,0,0.4,1.7,False,39%,61%,283,365,485,561,2,8,3,11,3,3,2,2,2,2,11,13,5,6,17,20,469,663,19,10,7,9,8,5,22,27,2,1,7,5,18,24,59,41,1.0,0.6,22,0,49,429,21,20,10,0.4,0.2,10,0,20,284,10,13,7
